Run,Event,Lumi,PID1,E1,px1,py1,pz1,pt1,eta1,phi1,Q1,PID2,E2,px2,py2,pz2,pt2,eta2,phi2,Q2,PID3,E3,px3,py3,pz3,pt3,eta3,phi3,Q3,PID4,E4,px4,py4,pz4,pt4,eta4,phi4,Q4,mZ1,mZ2,mH
278923,77121379,76,-11,62.8288,10.2318,41.117,-46.3912,42.371,-0.946899,1.3269,1,11,45.1687,-4.4277,-40.4096,-19.6892,40.6514,-0.467163,-1.67993,-1,11,19.1875,-3.59467,-15.576,10.612,15.9854,0.622803,-1.79761,-1,-11,12.7146,12.0397,-1.7287,3.70222,12.1632,0.299866,-0.142609,1,85.2212,21.0255,128.116
279667,22971279,72,11,61.9385,-3.89047,-54.1054,29.8973,54.2451,0.526489,-1.64258,-1,-11,73.8486,-24.8298,28.6059,63.394,37.879,1.28735,2.28564,1,-13,42.7254,36.0321,-13.4617,18.5988,38.4647,0.466431,-0.357544,1,13,55.8127,-17.1303,20.4712,-49.0156,26.693,-1.36792,2.26758,-1,90.8834,91.5323,224.759
279667,812208114,507,11,92.0813,40.7572,82.3732,5.69861,91.9048,0.0619659,1.11133,-1,-11,62.0697,-44.6107,41.8441,-10.5644,61.1641,-0.171875,2.38818,1,13,119.762,-12.5463,-117.687,-18.3086,118.354,-0.154083,-1.677,-1,-13,28.1119,13.5531,0.525132,24.6232,13.5633,1.35791,0.0387268,1,91.0718,89.9933,301.925
279667,1738465351,997,-11,155.26,-109.969,-12.9998,108.828,110.735,0.869141,-3.02393,1,11,103.854,-29.7955,-43.2699,89.5861,52.5362,1.30347,-2.17383,-1,-13,151.394,48.5009,-65.6074,-127.529,81.5884,-1.22925,-0.934204,1,13,54.3974,49.5445,12.2217,-18.8423,51.0297,-0.361328,0.241852,-1,91.9935,71.2166,446.838
279694,3989731853,2211,-11,104.672,47.2352,-28.0274,-89.1039,54.9245,-1.26074,-0.535522,1,11,196.44,-40.7381,-14.0682,-191.654,43.0988,-2.19775,-2.80908,-1,13,287.15,-27.168,47.5548,-281.879,54.7682,-2.34082,2.08984,-1,-13,85.0584,21.817,-18.3652,-80.1353,28.5177,-1.75659,-0.699707,1,100.146,81.2674,200.093
279694,3999167551,2218,-11,58.4792,-9.18052,46.1083,34.7787,47.0133,0.684937,1.76733,1,-11,37.9656,2.46532,-37.3481,-6.35712,37.4294,-0.169037,-1.50488,1,11,36.2261,8.57189,-25.2405,-24.5308,26.6563,-0.823853,-1.24341,-1,11,32.8101,-12.9699,18.934,23.4474,22.9503,0.896606,2.17139,-1,91.8055,65.3276,162.81
279844,117413533,134,11,61.4316,-55.188,-4.13013,26.6658,55.3424,0.464905,-3.06689,-1,-11,93.6951,14.4923,-20.4266,90.2857,25.0454,1.99414,-0.953735,1,13,67.1948,28.827,47.5327,-37.7461,55.591,-0.635376,1.02563,-1,-13,56.874,25.5933,-42.3171,-28.0871,49.4546,-0.541138,-1.02686,1,90.1525,89.8346,273.449
279931,602263219,401,-11,168.603,-42.3638,-12.0374,-162.749,44.0408,-2.01807,-2.86475,1,11,24.0039,19.9133,-12.2036,-5.54246,23.3553,-0.235138,-0.549805,-1,13,134.932,37.4992,16.5371,-128.558,40.9837,-1.86084,0.415344,-1,-13,31.2319,-27.7827,10.3755,-9.79228,29.6569,-0.324463,2.78418,1,87.6562,87.4709,185.791
279931,602772946,401,11,87.7386,49.5293,-19.2451,-69.8179,53.1368,-1.08691,-0.370605,-1,-11,38.3499,0.533107,38.3187,1.45229,38.3224,0.0378876,1.55688,1,-13,73.6761,-37.1315,-46.1302,-43.834,59.2177,-0.685303,-2.24854,1,13,78.0118,14.3071,28.083,-71.3616,31.5174,-1.55591,1.09961,-1,91.4025,94.3003,206.693
279931,1672834881,978,11,81.2422,13.1408,-29.9813,-74.3555,32.7347,-1.55884,-1.15771,-1,-11,39.7251,-3.00888,-14.6084,36.8189,14.915,1.6355,-1.77393,1,-13,51.7203,31.1487,36.6569,-19.0003,48.1037,-0.385376,0.866455,1,13,47.1151,-46.4578,0.63479,7.81649,46.4621,0.16745,3.12793,-1,89.5451,105.514,214.148
279931,787841671,506,-11,202.18,-115.144,-43.7069,160.339,123.16,1.07959,-2.77881,1,11,33.2799,10.3667,15.4639,27.5852,18.6172,1.18457,0.980225,-1,-11,62.5187,-1.40107,11.3286,-61.4677,11.4149,-2.38525,1.69385,1,11,48.331,3.29926,-7.86454,-47.5725,8.52855,-2.41992,-1.17358,-1,91.3799,19.5525,320.172
279931,3019386595,1758,11,232.393,-102.672,-44.8213,203.607,112.029,1.35889,-2.72998,-1,-11,102.506,-48.7956,-70.6406,56.004,85.8551,0.613159,-2.17529,1,-11,88.602,-51.059,-9.01691,71.8469,51.849,1.12964,-2.9668,1,11,94.9436,27.727,22.7112,87.9187,35.8411,1.62964,0.686279,-1,92.1172,86.2092,228.027
279931,4838380165,2832,11,242.223,161.533,72.5352,-165.28,177.071,-0.833496,0.422058,-1,-11,163.707,-85.6836,46.7538,-131.424,97.6094,-1.10645,2.64209,1,-11,185.966,76.9523,13.5249,-168.757,78.1318,-1.51294,0.173981,1,11,10.2513,-1.95917,9.50015,-3.31462,9.70006,-0.335388,1.77417,-1,86.5067,35.5122,315.948
280017,825652567,472,11,61.1399,55.5027,10.9575,-23.1834,56.5739,-0.399109,0.194916,-1,-11,37.9974,-36.9832,4.09746,-7.6972,37.2094,-0.205414,3.03125,1,11,10.8451,-9.40579,5.23412,-1.31922,10.7641,-0.122253,2.63379,-1,-11,35.7336,7.52992,-4.8766,34.589,8.97112,2.05908,-0.574707,1,91.1316,32.5431,143.92
278820,239869361,141,-11,66.8971,40.5865,-31.581,-42.7853,51.4259,-0.757446,-0.661255,1,-11,207.18,-23.1744,34.5865,-202.954,41.6327,-2.2876,2.16113,1,11,84.7173,16.6611,-36.8091,-74.4615,40.4042,-1.37109,-1.14575,-1,11,59.5576,-24.9003,-2.52516,-54.0434,25.028,-1.5127,-3.04053,-1,90.5396,72.1504,183.183
278820,862916703,478,11,112.045,-10.3877,52.6407,-98.3623,53.6558,-1.36646,1.76562,-1,-11,59.3764,20.3302,-32.6531,-45.2329,38.4648,-1.00049,-1.01392,1,13,142.144,46.6009,-8.45608,-134.022,47.3619,-1.76318,-0.179504,-1,-13,101.311,-33.9094,-16.3063,-94.0645,37.6264,-1.64722,-2.69336,1,90.9251,80.4537,182.867
278822,705032441,414,-11,65.5817,16.1366,-8.33802,-63.0162,18.1635,-1.95728,-0.476929,1,11,15.7008,11.9886,-1.38839,10.0429,12.0687,0.757568,-0.115295,-1,-13,58.744,-51.5335,-3.27511,-28.0075,51.6375,-0.518799,-3.07812,1,13,45.9407,2.98918,11.0945,44.4805,11.4901,2.06299,1.30762,-1,90.9387,53.991,181.193
278822,2441649588,1461,-11,199.113,109.024,-64.9066,-153.451,126.882,-1.02197,-0.536987,1,11,30.0249,23.9527,17.2593,-5.46634,29.5231,-0.184113,0.62439,-1,-13,143.09,-71.6403,-26.5949,-120.976,76.4175,-1.23999,-2.78613,1,13,81.084,-57.0285,43.1245,-38.2443,71.4981,-0.512207,2.49414,-1,89.8561,85.421,321.394
279588,655133946,424,-11,88.7757,-22.7982,-43.533,-73.934,49.1414,-1.19727,-2.05322,1,11,121.558,25.8563,32.5113,-114.24,41.5395,-1.73633,0.898926,-1,-11,30.3167,-17.7006,13.7278,-20.4286,22.4001,-0.817749,2.48193,1,11,89.3116,13.0732,-6.57715,-88.1044,14.6345,-2.49512,-0.466125,-1,93.2734,49.5881,144.3
279588,1294103090,759,-11,53.4484,40.5945,23.4616,-25.6588,46.8867,-0.523071,0.524048,1,11,38.2398,-37.8159,-5.6168,-0.832513,38.2308,-0.0217743,-2.99414,-1,-13,22.3488,-17.9363,-13.3307,-0.193178,22.3477,-0.0086441,-2.50244,1,13,14.2537,-7.47683,-6.33758,-10.3484,9.80143,-0.920288,-2.43848,-1,85.8999,13.9981,120.712
279654,418148449,220,-11,58.11,49.7725,-4.6301,29.6314,49.9874,0.562622,-0.0927582,1,11,99.716,-21.8536,-8.31971,96.9355,23.3837,2.12939,-2.77783,-1,-13,55.9563,-47.4658,-16.5473,24.5821,50.2675,0.471375,-2.80615,1,13,37.0041,34.164,10.9091,-9.11601,35.8635,-0.251526,0.309082,-1,90.5191,89.1217,205.332
279654,572157471,307,-11,238.667,-2.6427,-39.5887,235.346,39.6768,2.48047,-1.63745,1,11,29.2149,-26.7333,11.1151,3.91087,28.9519,0.134674,2.74756,-1,-13,168.946,23.1026,35.0227,-163.653,41.9562,-2.07031,0.987671,1,13,42.6473,3.79722,-34.1196,-25.3024,34.3303,-0.682739,-1.45996,-1,91.3401,113.328,476.025
279766,343957733,181,-11,136.665,35.9729,92.1146,94.3296,98.8896,0.848389,1.19849,1,11,176.192,4.17612,57.1105,166.628,57.263,1.78955,1.4978,-1,11,45.2237,8.94859,-41.8927,14.4946,42.8378,0.332214,-1.36035,-1,-11,44.3771,1.44933,12.4687,42.5646,12.5527,1.9353,1.45508,1,76.8174,61.6333,209.597
279931,2262282601,1295,-11,33.4221,-19.1815,21.3294,-17.151,28.6857,-0.567017,2.30322,1,11,61.8633,3.84312,-19.4015,-58.6163,19.7785,-1.80688,-1.37524,-1,11,35.3744,1.95362,18.4123,-30.1415,18.5157,-1.26367,1.46509,-1,-11,41.5532,2.24275,-13.8411,-39.1159,14.0216,-1.74976,-1.41016,1,55.6745,32.9055,91.9718
280249,2528709890,1427,-11,103.435,2.03091,-75.6182,-70.5452,75.6455,-0.832886,-1.54395,1,11,68.1604,-3.7647,-43.0822,-52.6837,43.2463,-1.02759,-1.65796,-1,11,29.0337,10.845,7.63286,-25.8277,13.2618,-1.41992,0.613281,-1,-11,14.1953,-0.731793,-12.9051,-5.86663,12.9258,-0.439575,-1.62744,1,58.9281,14.1248,81.9085
279975,536267467,356,-11,77.2784,15.6173,-35.7027,66.7335,38.969,1.30713,-1.15845,1,11,139.092,2.38651,28.0234,136.219,28.1248,2.28125,1.48584,-1,-11,75.8402,2.6119,15.3811,74.2181,15.6012,2.26367,1.40259,1,11,13.4747,-9.55774,-5.48493,-7.75385,11.0197,-0.65564,-2.62061,-1,72.4114,58.425,143.983
280249,598911133,318,11,110.973,77.2656,11.2818,-78.8523,78.0849,-0.888306,0.144989,-1,-11,38.2531,-6.17013,-30.9889,-21.5617,31.5972,-0.638184,-1.76733,1,-11,34.4744,-18.958,17.7823,-22.6464,25.9926,-0.787354,2.38818,1,11,17.8306,5.07058,-8.41636,-14.8786,9.82578,-1.20264,-1.02856,-1,82.1124,32.359,134.936
280330,1534717904,802,11,248.515,46.9568,70.4344,-233.653,84.6519,-1.73975,0.982788,-1,-11,168.229,-12.5373,-50.015,160.132,51.5624,1.85132,-1.81641,1,11,77.0557,40.4705,3.92803,65.4544,40.6607,1.25415,0.096756,-1,-11,64.0088,-20.1538,-11.0866,-59.733,23.002,-1.68262,-2.63867,1,85.7626,79.8187,550.801
280349,410277057,216,-11,87.9093,48.2834,34.6032,-64.8025,59.4026,-0.944214,0.621826,1,-11,53.4716,-44.388,14.9415,25.8003,46.8353,0.526245,2.81689,1,11,172.942,28.1964,-28.6406,-168.207,40.1911,-2.13867,-0.793213,-1,11,60.6607,-19.0342,-5.78205,-57.3059,19.8931,-1.78003,-2.84668,-1,89.0353,88.6862,265.038
278820,87746905,53,-11,362.619,-64.1054,48.7718,353.559,80.5493,2.18506,2.49121,1,-11,236.192,5.6317,-65.1884,226.948,65.4313,1.95703,-1.48462,1,11,75.7822,25.2431,-5.07726,71.2737,25.7486,1.74243,-0.198486,-1,11,12.2224,1.53305,12.0581,-1.27542,12.1552,-0.104736,1.44434,-1,91.0651,88.9237,217.862
278820,286717419,165,-11,53.3269,-48.4185,-10.7881,-19.5708,49.6058,-0.384949,-2.92236,1,11,121.868,10.2521,-35.0685,-116.262,36.5364,-1.87451,-1.28638,-1,11,25.419,2.32408,-20.429,-14.9455,20.5608,-0.674561,-1.45752,-1,-11,14.9714,-12.9219,-7.55883,-0.138887,14.9704,-0.00927734,-2.6123,1,93.1836,22.5435,125.976
278820,2276764059,1233,-11,58.3447,-57.1211,-8.08551,8.71242,57.6905,0.150452,-3.00098,1,11,51.1773,26.4318,-41.5657,13.8841,49.258,0.278259,-1.00439,-1,13,116.516,53.3913,41.4924,-94.8882,67.6184,-1.13989,0.660645,-1,-13,23.103,-15.0846,13.6319,-10.9711,20.3316,-0.516357,2.40674,1,89.8743,61.4918,234.629
278822,212899313,143,-11,115.943,15.6447,-38.8521,-108.113,41.8836,-1.677,-1.18799,1,11,24.4667,-14.4109,15.0069,-12.8736,20.8058,-0.584839,2.33594,-1,-11,15.6647,-12.5803,2.47594,-8.99876,12.8216,-0.654175,2.94727,1,11,19.6482,2.64552,-6.81846,-18.2359,7.3137,-1.64478,-1.20068,-1,67.1334,19.6905,89.6575
278822,1236730822,702,-11,120.983,111.924,8.12126,-45.2096,112.218,-0.3927,0.0724335,1,11,36.3557,1.49069,34.2844,12.0035,34.3168,0.343018,1.52734,-1,11,62.2794,-1.80172,16.3696,60.0625,16.4685,2.00537,1.68042,-1,-11,37.0862,-4.28256,-6.88198,36.1894,8.10568,2.20166,-2.12744,1,94.8244,21.9559,218.425
278975,614745789,377,11,89.7106,-45.9312,7.48835,76.6957,46.5377,1.27417,2.97998,-1,-11,105.125,-29.2291,8.97256,100.58,30.5752,1.90625,2.84375,1,11,28.6233,9.53079,-26.5235,-4.99547,28.1839,-0.176331,-1.22583,-1,-11,20.7801,6.76154,9.74799,17.0605,11.8635,1.15991,0.964355,1,89.7556,39.8324,142.608
279024,87448515,110,11,56.4278,-48.79,-19.8402,-20.2483,52.6697,-0.375549,-2.75537,-1,-11,59.9964,48.4537,8.24199,34.4074,49.1497,0.65271,0.168488,1,11,21.7376,17.864,2.96748,12.0242,18.1088,0.622925,0.164612,-1,-11,11.3403,-10.0652,-3.66397,-3.72244,10.7114,-0.340881,-2.79248,1,114.976,31.047,147.104
279588,613238417,401,-11,218.989,8.55073,69.7019,-207.424,70.2244,-1.80371,1.44873,1,11,157.118,-33.3889,-17.798,-152.494,37.8363,-2.10205,-2.65186,-1,-13,93.0371,-25.7148,-52.6152,-72.2929,58.5629,-1.03784,-2.02539,1,13,60.1216,49.8322,-10.8867,-31.825,51.0075,-0.589233,-0.215088,-1,92.76,89.4589,254.279
279588,277421350,218,-11,309.873,-55.3291,60.8045,298.769,82.2101,2.00195,2.30908,1,11,59.6639,27.3334,19.9703,49.131,33.8516,1.16748,0.630981,-1,-13,208.258,-14.7182,-94.0231,185.241,95.1681,1.41943,-1.72607,1,13,68.9386,32.5742,2.06599,60.7221,32.6396,1.37939,0.0633392,-1,90.6364,86.9765,255.661
279588,435744272,307,11,114.603,14.4176,48.742,102.714,50.8296,1.45288,1.2832,-1,-11,147.412,-24.3491,-20.8648,143.882,32.0658,2.20654,-2.43311,1,13,27.8057,-6.81529,2.45081,26.8457,7.24256,2.021,2.79639,-1,-13,13.9812,4.54524,-4.72984,12.3464,6.55977,1.38965,-0.805298,1,83.4646,14.1344,99.078
278969,1866612058,1089,-11,127.981,48.7786,-15.7071,117.273,51.2452,1.56567,-0.311523,1,11,213.561,-48.9145,-4.16541,207.842,49.0916,2.1499,-3.05664,-1,-11,78.7051,-3.20904,15.7749,-77.0411,16.098,-2.26953,1.77148,1,11,14.6287,-10.6206,9.45745,3.42749,14.2212,0.238739,2.41406,-1,102.742,49.6418,354.457
279654,680711341,361,11,71.7015,48.6,-43.1612,-30.2695,64.9989,-0.450317,-0.726196,-1,-11,67.2198,20.872,-61.1644,18.4868,64.6276,0.282288,-1.24194,1,11,76.2463,-34.4726,-5.65477,67.7728,34.9333,1.4165,-2.979,-1,-11,27.8748,-23.8731,12.1916,-7.64407,26.806,-0.281433,2.66943,1,92.1521,83.1111,216.9
279931,3910937418,2273,-11,118.789,-42.4513,-32.1339,-106.19,53.2419,-1.44116,-2.49365,1,11,133.681,2.78302,45.0023,-125.848,45.0883,-1.75024,1.50903,-1,13,38.5943,23.9449,-29.497,-6.78818,37.9925,-0.177734,-0.888916,-1,-13,73.9517,1.50971,24.0315,69.9217,24.0789,1.7876,1.50806,1,90.3372,89.4592,323.19
279975,1048050818,638,-11,46.7433,32.081,-33.3269,6.71199,46.2587,0.144592,-0.804443,1,11,33.0988,-0.662705,33.0911,0.233611,33.0978,0.00705814,1.59082,-1,11,8.30499,5.92845,-5.65137,1.37006,8.19052,0.166504,-0.761475,-1,-11,9.08206,-5.4395,-4.58336,-5.646,7.11304,-0.727783,-2.44141,1,73.0708,13.3805,91.2067
280015,514039000,282,-11,159.673,54.511,109.163,102.992,122.017,0.766724,1.10767,1,11,126.538,-40.9704,-101.529,63.4433,109.484,0.551147,-1.95435,-1,11,19.5011,12.907,-13.5234,5.55073,18.6942,0.292725,-0.808716,-1,-11,13.2697,7.64382,-5.84658,9.13589,9.62343,0.845093,-0.652954,1,81.4225,40.4745,260.084
280249,1630819334,888,-11,264.879,60.5497,61.2488,-250.486,86.126,-1.78906,0.791138,1,-11,145.478,-79.9591,16.1834,-120.451,81.5804,-1.18164,2.94189,1,11,149.018,11.6608,-49.3188,-140.136,50.6786,-1.74146,-1.33862,-1,11,128.509,11.0628,-32.419,-123.859,34.2545,-1.99707,-1.24194,-1,93.0598,114.279,264.605
280249,1092809122,581,-11,68.4871,19.6861,55.8104,34.4693,59.1806,0.553711,1.23169,1,-11,42.246,25.9701,28.8646,16.6462,38.828,0.416565,0.838135,1,11,34.8193,-33.2827,-10.1636,1.15727,34.7999,0.0332489,-2.84521,-1,11,16.8514,-4.92871,16.0132,1.80095,16.7545,0.107285,1.86938,-1,84.4658,26.3712,123.292
280364,445527561,234,-11,145.947,17.9377,-16.1987,-143.932,24.1694,-2.48437,-0.734497,1,11,20.2814,-19.5884,1.72591,4.96497,19.6643,0.249878,3.05371,-1,13,45.1933,-4.08333,32.5594,31.0747,32.8144,0.843384,1.69556,-1,-13,44.5142,7.28765,-17.2418,-40.387,18.7187,-1.51196,-1.1709,1,90.0439,87.8397,208.598
280364,1568410505,878,11,102.859,-5.54009,80.3365,-63.9941,80.5273,-0.728516,1.63965,-1,-11,116.186,-21.192,-58.6589,-98.0261,62.3696,-1.23389,-1.91748,1,11,61.4146,-56.5193,-23.9214,-2.25321,61.3732,-0.036705,-2.74121,-1,-11,57.3907,46.9764,31.4842,9.77992,56.5512,0.172089,0.590454,1,92.303,92.8835,296.822
280364,596724770,313,-11,218.069,-25.1645,83.3482,199.935,87.0642,1.56885,1.86401,1,11,62.0321,-26.7484,-22.3603,51.3081,34.8635,1.17896,-2.44531,-1,13,175.016,31.319,-60.7763,161.109,68.3713,1.59253,-1.09497,-1,-13,64.979,-21.6562,22.2237,57.091,31.0303,1.36963,2.34326,1,91.6892,94.4414,218.713
280349,34033420,19,-11,108.486,27.7494,-47.1993,93.6558,54.7522,1.30615,-1.03931,1,-11,56.9341,-51.8473,-7.8821,-22.1632,52.4431,-0.41095,-2.99072,1,11,42.6235,14.3424,40.0981,1.78555,42.586,0.0419159,1.22729,-1,11,133.623,-26.7775,19.6793,129.425,33.2312,2.06885,2.50781,-1,89.9641,83.976,272.564
280349,232107034,125,11,84.109,22.5125,-1.79141,81.0203,22.5837,1.9895,-0.0794067,-1,-11,23.5224,-20.5134,-1.42441,11.4221,20.5628,0.530273,-3.07227,1,11,40.0231,-6.01276,15.2641,36.506,16.4057,1.54004,1.94604,-1,-11,51.5468,13.971,-2.95319,49.5293,14.2797,1.95703,-0.208313,1,54.9961,27.7142,87.4356
280385,2939404733,1589,-11,59.5384,-22.5764,-4.30602,54.9233,22.9834,1.60547,-2.95312,1,11,20.3039,18.687,-4.80197,-6.32231,19.2941,-0.322083,-0.251526,-1,-11,15.4509,12.7449,0.441335,8.723,12.7525,0.639526,0.0346146,1,11,11.2026,-4.99272,8.1379,-5.85956,9.54739,-0.580566,2.12109,-1,62.5671,23.8434,93.1533
280385,3000323656,1625,11,118.375,48.2124,52.7382,-94.3765,71.4545,-1.09106,0.8302,-1,-11,25.3611,13.4634,5.70326,-20.7219,14.6215,-1.14795,0.400696,1,13,67.6788,-67.4903,1.11995,-4.92036,67.4996,-0.0728302,3.125,-1,-13,38.5185,-8.29446,-33.8234,-16.4575,34.8256,-0.456543,-1.81128,1,63.3089,13.8986,207.315
280385,3478220602,1933,-11,63.1558,-54.6363,7.70657,30.7267,55.1771,0.531494,3.00146,1,11,59.7692,36.8618,-35.337,-31.0619,51.0637,-0.575928,-0.764282,-1,11,46.1441,44.4387,7.37078,10.0072,45.0458,0.220367,0.164368,-1,-11,34.0595,-19.3723,22.4511,16.754,29.6536,0.538574,2.28271,1,90.1508,99.7793,201.258
279794,979614439,603,-11,131.466,-46.8722,86.3987,87.302,98.2941,0.800049,2.06787,1,-11,115.613,66.9431,-39.5447,85.5646,77.7506,0.950684,-0.533569,1,11,58.9212,-17.0464,-50.639,24.8357,53.4311,0.449524,-1.89551,-1,11,22.2482,6.17966,-19.2557,9.27359,20.2231,0.443848,-1.26025,-1,90.2067,87.472,253.56
279823,359368798,256,11,163.351,31.8282,-68.5279,-144.825,75.5586,-1.40576,-1.13599,-1,11,70.8364,-24.3956,56.8242,34.5492,61.8396,0.533081,1.97632,-1,-11,81.2076,-34.8814,45.6151,-57.4214,57.4235,-0.881348,2.22363,1,-11,114.886,24.9085,31.1397,-107.743,39.8762,-1.71973,0.896118,1,92.6642,94.9092,324.092
279887,480893451,353,-11,105.914,-1.60055,-77.1,72.6008,77.1166,0.839355,-1.59155,1,11,64.3968,-5.59593,19.2455,61.1983,20.0426,1.83521,1.85376,-1,-11,75.0921,-3.19974,18.8976,72.6047,19.1666,2.04199,1.73853,1,11,7.64631,4.85429,-5.43923,2.30337,7.29037,0.310913,-0.842163,-1,87.7768,32.4122,135.918
280016,190042929,98,11,37.0953,11.0863,-21.774,-27.9112,24.4338,-0.978516,-1.09985,-1,-11,73.7907,12.7554,12.1058,71.6646,17.5855,2.11279,0.759277,1,-11,25.0353,10.4399,-9.86235,-20.506,14.3617,-1.15405,-0.756958,1,11,45.3329,7.94587,8.11056,43.8878,11.3542,2.06152,0.795654,-1,98.5873,63.7485,162.58
280188,222006768,124,11,89.952,-48.2024,48.7462,-58.2383,68.5541,-0.770874,2.35059,-1,-11,59.6083,33.3609,49.0358,-5.97381,59.3082,-0.100555,0.973389,1,13,65.0135,37.1822,-52.3399,-10.2352,64.2027,-0.158752,-0.953125,-1,-13,61.5238,-22.7337,-34.8783,45.2974,41.6331,0.942261,-2.14844,1,91.9972,83.466,274.351
278820,2143299549,1159,11,87.0125,-34.9701,71.8189,-34.5009,79.8803,-0.419495,2.02393,-1,-11,93.3283,19.2155,13.0183,-90.3961,23.2101,-2.06885,0.595459,1,13,107.203,-26.5516,-56.5503,-87.1175,62.4734,-1.13477,-2.00977,-1,-13,204.534,45.6444,-30.1894,-197.077,54.7248,-1.99316,-0.584351,1,92.3302,97.3549,273.44
278923,203074351,147,-11,153.463,-3.7644,-48.3871,145.587,48.5333,1.81836,-1.64844,1,11,18.326,6.47706,12.9868,11.1908,14.5123,0.709961,1.10815,-1,13,17.6237,12.7315,7.27755,-9.77394,14.6647,-0.625,0.519287,-1,-13,12.101,-5.0208,-6.97326,8.51988,8.59272,0.875366,-2.19482,1,60.5955,28.6782,122.8
279667,361236341,265,11,111.679,37.7437,-31.0006,-100.432,48.8428,-1.46851,-0.687622,-1,-11,70.406,5.3182,30.0283,-63.4588,30.4956,-1.47925,1.39551,1,-13,93.7828,-42.718,-51.5073,-65.7067,66.9166,-0.86853,-2.26318,1,13,87.2704,-9.18845,35.1946,-79.3286,36.3742,-1.52173,1.82617,-1,93.7264,66.6295,189.887
279694,1203272521,656,11,374.263,-74.2868,9.44441,366.695,74.8848,2.29199,3.01514,-1,-11,267.742,44.7809,48.8527,259.411,66.2716,2.07373,0.828857,1,11,119.967,-7.83356,-33.718,114.864,34.6161,1.91455,-1.79907,-1,-11,150.435,28.0996,1.6419,147.779,28.1475,2.36035,0.0583649,1,91.4845,92.9648,204.551
279794,864278608,536,11,50.1536,42.61,-25.255,-7.87039,49.5321,-0.158234,-0.535034,-1,-11,31.6651,-18.8402,16.6126,-19.2804,25.1184,-0.707153,2.41895,1,11,29.9586,-7.09773,-6.40162,-28.3927,9.55817,-1.80908,-2.40771,-1,-11,16.2666,-6.76183,5.35613,-13.7906,8.62615,-1.24829,2.47168,1,72.9207,12.8123,106.752
279841,734172065,456,-11,56.8613,-4.57835,34.9174,44.6432,35.2163,1.05859,1.70117,1,-11,59.8345,18.8116,-17.6194,53.9985,25.7744,1.48535,-0.752686,1,11,23.8444,1.77855,20.7645,11.5851,20.8405,0.53064,1.48535,-1,11,12.7092,11.1363,6.04148,0.998568,12.6695,0.0787354,0.49707,-1,47.614,32.1909,91.8266
279841,2619225776,1494,-11,111.228,-5.75412,-53.7263,-97.2222,54.0335,-1.3501,-1.67749,1,11,174.186,-11.9458,30.2394,-171.125,32.5134,-2.36279,1.94702,-1,-13,117.161,-0.330546,56.3698,-102.708,56.3707,-1.36108,1.57666,1,13,196.464,38.0346,-23.0607,-191.362,44.4795,-2.16553,-0.545044,-1,92.6633,96.7042,205.031
279966,98362245,112,11,70.3608,-4.7156,-54.8912,-43.7649,55.0934,-0.728271,-1.65649,-1,-11,46.745,2.22257,37.1161,-28.3293,37.1826,-0.702637,1.51099,1,-13,58.2384,0.615114,51.4352,27.3083,51.4389,0.508667,1.55884,1,13,48.3193,0.491637,-36.6235,31.5153,36.6268,0.779175,-1.55737,-1,90.5209,87.5997,223.245
280024,374584867,263,-11,81.4285,12.8373,72.3806,-35.0266,73.5102,-0.460083,1.39526,1,11,42.4249,-38.7747,2.27421,-17.0654,38.8413,-0.426331,3.08301,-1,13,255.791,11.7571,-98.2189,-235.889,98.92,-1.60352,-1.45166,-1,-13,125.369,34.5642,12.4465,-119.866,36.7369,-1.89844,0.345642,1,96.0139,79.875,296.918
280249,172342638,91,-11,83.7659,49.3436,32.7488,59.2406,59.2223,0.881592,0.585938,1,11,39.4099,-33.9319,-8.18897,18.2951,34.906,0.502686,-2.90479,-1,-13,175.008,-18.9569,-58.9194,163.697,61.894,1.69971,-1.88208,1,13,136.538,6.72016,40.9038,130.094,41.4521,1.86133,1.40796,-1,91.2129,101.357,225.935
280330,307603050,164,-11,147.997,-44.385,-9.41279,-140.871,45.3721,-1.85107,-2.93262,1,11,125.025,25.5165,24.1994,-119.977,35.1668,-1.94116,0.758911,-1,11,116.503,27.8677,-0.358806,-113.12,27.87,-2.10889,-0.0128746,-1,-11,35.4929,-10.7676,0.573528,-33.8151,10.7829,-1.8606,3.08838,1,76.9731,34.9324,118.849
280363,376519121,237,-11,44.551,27.7565,4.6874,-34.5312,28.1495,-1.03296,0.167297,1,11,28.1058,-27.3062,-6.08411,-2.6999,27.9758,-0.0963593,-2.92236,-1,13,19.045,10.4725,9.8425,-12.496,14.3718,-0.786011,0.754395,-1,-13,20.6339,-11.0812,-5.68634,-16.4505,12.455,-1.09106,-2.66748,1,62.3755,26.8117,90.7315
278820,1108631891,608,11,160.123,54.5073,3.85141,150.511,54.6432,1.73779,0.0705414,-1,-11,38.7532,-30.7068,4.48429,23.2116,31.0325,0.691528,2.99658,1,11,39.629,21.1434,5.69257,33.0303,21.8963,1.19946,0.263,-1,-11,14.7664,-6.26231,10.377,8.43426,12.1202,0.649292,2.11377,1,93.4684,27.5658,125.496
278822,1552021295,886,-11,75.6617,48.2572,29.9397,-49.9954,56.7904,-0.794189,0.555298,1,-11,56.7138,-31.0381,19.1044,-43.4523,36.4464,-1.01099,2.58984,1,11,37.1959,-24.3723,-24.9134,-12.9937,34.8523,-0.364685,-2.34521,-1,11,71.6685,9.63263,-27.5874,-65.4409,29.2208,-1.5459,-1.23486,-1,90.4071,63.9854,169.219
278957,46484605,85,11,52.9374,-13.6847,50.8885,5.04365,52.6964,0.0955658,1.8335,-1,-11,38.6476,26.3241,-27.1666,-7.91483,37.8283,-0.207733,-0.801147,1,11,103.807,4.76623,-20.4934,101.653,21.0404,2.27881,-1.34229,-1,-11,64.7155,-4.09378,-14.3534,62.9707,14.9258,2.14648,-1.84863,1,90.9316,86.9791,202.957
278975,562393987,343,-11,69.3073,43.0977,-28.031,-46.4797,51.4115,-0.81189,-0.57666,1,11,24.3729,-21.7139,6.00975,-9.29657,22.5302,-0.401733,2.87158,-1,13,79.7085,-42.2295,55.6737,-38.3477,69.8776,-0.524414,2.21973,-1,-13,30.742,8.28269,-28.8277,-6.7393,29.994,-0.222839,-1.29102,1,91.068,68.7226,176.96
279024,101884963,117,11,248.682,150.426,-29.5973,-195.803,153.31,-1.06445,-0.194275,-1,11,181.847,-111.04,34.2646,-139.873,116.207,-1.01831,2.84229,-1,-11,142.961,24.9373,-32.7025,-136.918,41.1256,-1.91772,-0.919312,1,-11,13.5984,-13.5521,0.907796,-0.648635,13.5825,-0.0477371,3.07471,1,89.7084,41.1382,342.639
279654,210819476,108,-11,81.8761,-29.1868,52.9329,55.2261,60.4464,0.81897,2.07471,1,11,64.3418,33.6315,-15.28,52.6811,36.9399,1.15308,-0.426453,-1,-11,19.6263,-4.879,-10.1966,-16.0439,11.3038,-1.14917,-2.01709,1,11,28.6604,-4.35632,-5.56058,27.776,7.06382,2.07813,-2.23535,-1,91.0945,43.1322,151.711
279694,11968298,7,-11,53.8935,39.3149,24.6717,27.3887,46.415,0.560303,0.560425,1,-11,19.4889,-6.4124,-18.2497,2.37397,19.3435,0.122421,-1.90869,1,11,23.844,12.8404,13.1643,-15.1773,18.3895,-0.752319,0.797852,-1,11,33.3305,-16.5108,-3.83141,28.6989,16.9496,1.29736,-2.91357,-1,59.2273,40.5788,118.612
279658,438211873,260,11,49.7782,-39.7426,5.46731,-29.4701,40.1169,-0.680786,3.00488,-1,-11,160.696,31.7243,-14.4789,-156.866,34.8722,-2.20898,-0.428162,1,-11,30.1295,8.50845,2.30193,-28.8111,8.81434,-1.90015,0.264221,1,11,10.3076,-4.71969,-5.77636,7.11286,7.45935,0.848145,-2.25586,-1,97.1211,33.733,139.657
279667,108322568,123,-11,53.9288,-32.8586,-42.6238,-3.43911,53.8189,-0.063858,-2.22754,1,11,40.8791,16.8044,36.7429,-6.2177,40.4033,-0.15329,1.14185,-1,11,98.3913,15.4863,-10.647,-96.5798,18.7932,-2.33936,-0.602295,-1,-11,20.9846,-1.32002,10.8031,17.9414,10.8834,1.27441,1.69238,1,92.7521,88.69,195.044
279694,8513225,5,-11,48.3179,-11.8029,-46.176,7.9429,47.6606,0.165894,-1.82104,1,11,52.158,24.0064,29.3524,35.8133,37.9192,0.841553,0.885254,-1,-13,56.1055,-38.9804,40.0019,-5.30987,55.8536,-0.0949249,2.34326,1,13,40.2393,16.7697,-29.1721,-22.0671,33.6487,-0.616089,-1.04907,-1,89.0069,88.0275,195.791
279694,2182032453,1174,-11,121.187,-58.3316,-54.3937,-91.2414,79.7575,-0.979614,-2.39111,1,-11,49.8458,24.801,30.271,-30.8734,39.1334,-0.723999,0.884399,1,11,27.9272,23.7623,9.76631,-10.9494,25.691,-0.414246,0.389954,-1,11,84.4243,12.5073,7.81483,-83.1261,14.748,-2.43018,0.558472,-1,92.7653,46.7988,183.079
279694,1833653302,994,-11,134.089,64.9608,-1.81714,117.289,64.9862,1.35278,-0.0279655,1,11,82.2997,-18.7959,41.9874,68.2423,46.0025,1.18555,1.9917,-1,11,89.0733,-1.93036,-25.2105,85.4093,25.2843,1.93164,-1.64722,-1,-11,20.0494,-10.9325,-4.08275,-16.3028,11.6699,-1.13623,-2.78418,1,93.0457,78.157,199.725
279715,938702905,572,-11,76.3316,-29.0386,-2.88754,-70.5332,29.1818,-1.61597,-3.04248,1,-11,48.0299,26.8846,-4.34967,-39.5621,27.2342,-1.16821,-0.1604,1,11,11.5844,-11.48,-1.54502,0.100439,11.5835,0.00867081,-3.00781,-1,11,17.4239,8.78315,-2.36935,-14.8601,9.09712,-1.2666,-0.263489,-1,41.5282,32.5602,88.2363
279716,2181501166,1253,-11,71.0371,-47.1231,25.2669,-46.7681,53.4697,-0.789917,2.64941,1,11,26.0611,16.6135,-7.40663,18.6632,18.1897,0.899658,-0.419373,-1,-13,59.9235,33.1924,-12.267,-48.3591,35.3867,-1.11841,-0.354004,1,13,22.6545,-12.5244,-1.34429,18.8294,12.5963,1.19189,-3.03467,-1,85.9554,73.039,169.844
279794,1045083748,640,11,219.992,-75.1255,8.84361,206.578,75.6442,1.72974,3.02441,-1,-11,183.661,63.6395,29.2517,169.782,70.0403,1.61865,0.430847,1,11,76.1657,-2.22743,-39.7962,64.9037,39.8585,1.26392,-1.62671,-1,-11,36.5377,20.9021,10.7358,27.9792,23.498,1.01001,0.474487,1,92.4671,86.4114,215.18
279823,316666698,231,-11,114.322,17.3308,-110.366,-24.2569,111.719,-0.215454,-1.41504,1,11,77.4245,-60.0361,20.8966,-44.1988,63.5689,-0.648804,2.80664,-1,-11,72.2193,28.3648,29.9235,-59.2928,41.2308,-1.15991,0.812134,1,11,18.2032,4.01526,16.2882,-7.06524,16.7758,-0.409607,1.3291,-1,89.9832,85.2964,243.858
279841,3009826399,1721,-11,79.82,-26.331,44.4127,60.8721,51.6315,1.00244,2.10596,1,11,47.324,26.654,-29.8732,25.233,40.0355,0.594604,-0.842285,-1,11,46.3055,5.53692,7.30721,-45.3887,9.16803,-2.30273,0.922363,-1,-11,11.0855,7.96116,1.60304,-7.54497,8.12095,-0.830322,0.1987,1,92.4121,15.1709,179.477
279844,354770196,264,-11,144.464,-28.2688,50.334,132.428,57.729,1.56787,2.08252,1,11,62.2315,14.1784,-25.6551,54.8957,29.3123,1.38525,-1.06592,-1,-11,28.099,-11.3028,-9.43923,-23.931,14.7259,-1.26221,-2.4458,1,11,51.8367,5.35489,-13.3643,49.7972,14.3972,1.95435,-1.1897,-1,82.615,71.87,190.532
279931,4617026502,2692,11,701.593,53.8599,-153.649,682.44,162.816,2.14014,-1.23364,-1,-11,23.1946,15.5763,-6.20823,16.0258,16.7679,0.849731,-0.379272,1,13,120.207,-73.482,95.1276,-0.946435,120.203,-0.00787354,2.22852,-1,-13,71.282,17.8153,59.2699,-35.3667,61.8895,-0.544189,1.27881,1,91.7174,84.1866,633.165
280249,811579923,434,-11,131.843,38.9092,38.2687,120.017,54.5749,1.5293,0.7771,1,11,76.171,-14.5277,-37.2266,64.8471,39.9609,1.26099,-1.94287,-1,-13,121.187,-20.2098,-22.8966,117.275,30.5399,2.05518,-2.29395,1,13,58.0433,-5.19879,16.3912,55.4375,17.1959,1.88696,1.87793,-1,92.1923,40.0717,148.545
279667,579280026,381,-11,96.8271,-14.2316,87.9606,-37.8931,89.1045,-0.413391,1.7312,1,11,77.4315,39.8485,13.8186,-64.9367,42.1765,-1.21655,0.333801,-1,-13,219.135,-49.8788,-70.3564,-201.45,86.2434,-1.58447,-2.1875,1,13,69.786,34.8656,-18.2562,-57.6296,39.356,-1.1748,-0.482361,-1,90.9689,93.6849,288.567
279667,762982515,480,-11,46.7946,32.3057,-25.7382,21.9912,41.3051,0.51001,-0.672729,1,11,49.7872,-30.8661,23.1753,31.4475,38.598,0.744141,2.49756,-1,-11,16.1731,-8.77013,2.43653,-13.3681,9.1023,-1.17725,2.87061,1,11,9.19523,8.48383,2.78568,2.19222,8.92946,0.243103,0.317261,-1,80.3972,22.1653,114.356
280242,379199010,213,11,178.785,-69.8361,-70.8311,-148.559,99.4693,-1.19116,-2.34912,-1,-11,117.412,20.8472,-15.6929,-114.476,26.0935,-2.18457,-0.645264,1,13,314.848,38.8044,89.7832,-299.269,97.8101,-1.83716,1.16284,-1,-13,76.1444,25.5068,-18.5166,-69.3145,31.5192,-1.5293,-0.62793,1,93.0525,88.3503,269.849
279931,3126591604,1830,11,98.501,42.4076,26.8367,-84.7575,50.1858,-1.29517,0.564209,-1,-11,47.7046,-33.8446,20.5367,-26.6177,39.5881,-0.629883,2.59619,1,11,95.907,-4.45769,-16.1667,-94.4293,16.77,-2.4292,-1.83984,-1,-11,38.918,13.1617,7.00262,-35.949,14.9087,-1.61377,0.488953,1,81.5725,31.9298,137.023
279975,528088858,352,-11,129.128,-83.5181,85.4559,-48.9502,119.491,-0.398987,2.34473,1,11,12.8382,2.39812,-10.3686,7.1806,10.6423,0.631836,-1.34351,-1,13,62.2574,-42.591,15.9768,-42.5055,45.489,-0.834229,2.78271,-1,-13,11.2312,-7.17926,0.593713,8.61591,7.20377,1.01343,3.05908,1,78.6843,38.735,123.139
280191,1033767924,552,-11,63.8923,-57.8548,-4.01734,26.8123,57.9941,0.447266,-3.07227,1,11,72.4251,25.7929,-42.5064,-52.6623,49.7199,-0.922607,-1.02539,-1,11,35.6174,31.9862,15.507,-2.23672,35.547,-0.0628815,0.451416,-1,-11,30.9529,1.98509,27.705,13.6587,27.776,0.473816,1.49927,1,90.4158,92.1793,202.338
279760,1204880849,714,11,66.7077,-14.0486,-65.1425,3.00275,66.6401,0.0450439,-1.7832,-1,-11,28.4848,-7.67626,21.5768,-16.9382,22.9016,-0.684814,1.9126,1,-13,60.336,-40.5925,44.4784,3.78718,60.2169,0.062851,2.31055,1,13,43.2942,-10.3275,-41.2423,-8.17301,42.5157,-0.191071,-1.81616,-1,90.0926,80.607,179.697
279823,31821596,78,-11,54.0134,-31.6089,-23.5645,36.9193,39.426,0.835693,-2.50098,1,11,40.1946,19.6582,24.1379,-25.4269,31.1301,-0.745728,0.887329,-1,13,64.8678,43.4037,-19.8894,43.913,47.7438,0.823486,-0.429687,-1,-13,38.912,-37.7761,9.11672,1.99532,38.8606,0.0513229,2.90479,1,92.2764,92.7358,189.104
280015,866333085,464,-11,92.5211,-44.3969,-11.9616,80.2869,45.98,1.32397,-2.87842,1,11,192.977,34.4972,2.62963,189.85,34.5973,2.40381,0.0760803,-1,11,32.2738,29.9391,-11.8102,-2.39925,32.1843,-0.0744781,-0.375732,-1,-11,94.2386,-20.084,15.7815,90.711,25.5426,1.97974,2.47559,1,91.3782,89.9641,203.072
280249,2009153338,1126,-11,60.3437,-26.1411,-34.9928,-41.6354,43.679,-0.8479,-2.2124,1,-11,35.2761,9.85113,21.2372,-26.3881,23.4108,-0.968506,1.13647,1,11,23.0225,5.97811,13.6212,-17.5713,14.8753,-1.00391,1.15723,-1,11,15.4843,9.03949,-6.35387,-10.8475,11.0492,-0.868408,-0.612671,-1,50.8057,24.7339,92.9793
280251,588002986,325,11,179.722,-12.8121,48.1591,172.674,49.8342,1.95605,1.83081,-1,-11,184.165,-14.9805,-46.0967,177.672,48.4698,2.01025,-1.88501,1,11,10.7863,5.64097,-7.37508,5.48817,9.28506,0.561157,-0.917847,-1,-11,28.3659,11.0606,2.55965,25.9947,11.3529,1.56616,0.227417,1,94.3087,15.4787,128.515
278822,224966956,152,11,69.3418,-23.0677,49.1925,-43.0843,54.3325,-0.727173,2.00928,-1,-11,47.6367,7.29836,-37.7136,-28.1721,38.4133,-0.67981,-1.37964,1,-11,33.1706,-13.5736,-10.1398,28.517,16.9428,1.29224,-2.5,1,11,28.0816,-8.84526,0.220235,-26.6511,8.84801,-1.82227,3.1167,-1,90.6977,56.1013,159.657
278962,50304222,82,11,100.979,-81.3862,-0.0787536,-59.7744,81.3862,-0.680664,-3.14062,-1,11,108.351,71.8079,5.24015,80.9702,71.9988,0.966797,0.0728455,-1,-11,30.2594,-22.9511,2.49745,-19.5608,23.0866,-0.769165,3.0332,1,-11,29.2393,11.8274,2.1734,26.6517,12.0254,1.53638,0.181732,1,104.961,113.995,266.352
279029,231908903,142,-11,315.955,31.2151,80.5694,303.911,86.4049,1.97046,1.20117,1,11,208.491,51.3548,-13.756,201.598,53.1652,2.04297,-0.261719,-1,11,65.2624,-25.2494,-17.0072,57.7269,30.443,1.39624,-2.54883,-1,-11,25.8817,-19.816,-13.4179,-9.8558,23.9314,-0.401001,-2.54639,1,90.6765,55.3085,264.558
279588,1598611402,919,11,212.309,-50.7114,157.746,132.739,165.697,0.733521,1.88184,-1,-11,22.6108,19.73,10.9701,1.27864,22.5746,0.0566101,0.507446,1,13,182.852,45.442,-176.708,12.0025,182.458,0.0657349,-1.31909,-1,-13,86.405,44.4225,-52.1101,52.6972,68.4749,0.70874,-0.864868,1,88.7683,88.3267,455.66
279691,43719412,87,11,320.045,-75.0538,10.8857,-310.93,75.8391,-2.11865,2.99756,-1,-11,149.545,37.1927,-21.9583,-143.172,43.191,-1.91357,-0.533325,1,11,43.5514,9.98156,-7.47939,-41.727,12.4729,-1.92236,-0.643066,-1,-11,39.8453,-10.3819,1.85433,-38.4242,10.5462,-2.00439,2.96484,1,112.918,22.3384,136.475
279694,525878391,291,11,214.321,-33.9948,64.6822,-201.48,73.0714,-1.73877,2.05469,-1,-11,196.203,-25.385,-44.1333,-189.483,50.9132,-2.0249,-2.09277,1,-13,72.1611,61.9827,24.1101,28.001,66.5068,0.409485,0.370972,1,13,43.4744,4.04529,-41.608,11.9343,41.8042,0.281738,-1.47388,-1,84.326,108.308,391.881
279694,461368672,258,-11,631.73,-8.20577,142.857,-615.311,143.092,-2.16504,1.62817,1,11,28.2875,7.28733,21.4408,-16.952,22.6454,-0.692017,1.24316,-1,-13,251.676,-49.5407,-79.4378,-233.615,93.6197,-1.64551,-2.12842,1,13,83.7089,-26.6548,-21.5836,-76.3599,34.2976,-1.54053,-2.46094,-1,94.1928,19.6787,305.062
279694,2781922754,1509,-11,100.878,-46.5761,-31.8037,83.6399,56.3987,1.1853,-2.54248,1,11,27.6407,-3.27755,27.0983,4.35319,27.2958,0.158813,1.69116,-1,13,157.829,43.158,36.9189,147.256,56.7945,1.68115,0.707642,-1,-13,215.306,20.8364,-51.5274,208.008,55.5809,2.03027,-1.18652,1,93.318,79.1634,233.681
278820,2181350042,1179,-11,251.394,-18.5304,-49.6172,-245.751,52.9646,-2.23926,-1.92822,1,11,187.939,24.1004,22.9908,-184.964,33.3078,-2.41553,0.761841,-1,-13,84.0864,-16.3726,37.5281,-73.4445,40.9441,-1.34741,1.98218,1,13,35.2599,-28.3073,-17.3474,11.875,33.1999,0.350464,-2.5918,-1,89.7173,82.2063,261.165
278822,53612225,36,-11,306.807,-127.027,76.7405,-268.525,148.408,-1.35498,2.59814,1,-11,123.212,102.851,-42.4996,-52.8835,111.286,-0.458923,-0.391846,1,11,40.3084,9.10039,-29.3637,26.0713,30.7415,0.769775,-1.27026,-1,11,27.0152,14.9846,2.0993,-22.38,15.131,-1.18311,0.139191,-1,91.2285,89.6799,382.567
278822,262945025,178,11,55.42,38.7953,-24.8102,-30.8341,46.0502,-0.627563,-0.56897,-1,-11,51.37,-4.75464,36.2619,-36.0739,36.5723,-0.871704,1.70117,1,-11,33.4281,13.48,22.1781,-21.0678,25.9534,-0.741821,1.02466,1,11,25.2963,-10.0454,-7.01874,-22.1296,12.2545,-1.35327,-2.53174,-1,75.0833,36.6189,114.714
279667,34785118,78,-11,95.1285,51.1425,-17.6861,-78.2373,54.1142,-1.16431,-0.332947,1,11,32.9159,-28.4277,-1.08296,-16.5574,28.4483,-0.553345,-3.10352,-1,-13,59.9723,-27.3962,-6.81018,-52.9126,28.2299,-1.38599,-2.89795,1,13,20.6386,6.30836,4.88643,-19.0333,7.97952,-1.60376,0.659058,-1,80.8769,29.5552,123.708
279931,2993800908,1741,11,60.0449,43.3725,36.0784,-20.5563,56.4165,-0.35675,0.693848,-1,-11,34.3559,-22.2306,-26.0451,2.79008,34.2425,0.0813904,-2.27734,1,-13,55.0034,-13.7131,-49.0318,20.8133,50.9133,0.398193,-1.84351,1,13,42.7746,-3.03947,41.9839,-7.60058,42.0938,-0.179596,1.64307,-1,89.7119,95.1611,192.051
279931,3116713355,1824,-11,69.5662,-7.98229,33.7963,-60.2788,34.7261,-1.31885,1.80273,1,11,30.3477,10.2392,-20.8606,-19.5184,23.238,-0.76355,-1.1145,-1,-11,22.1592,-9.22964,-12.7007,-15.6373,15.7002,-0.87854,-2.19922,1,11,14.7211,7.83532,0.785598,-12.4375,7.8746,-1.23804,0.0999298,-1,58.675,20.6894,84.1101
280015,75047802,44,11,137.563,7.77778,-48.1491,-128.626,48.7733,-1.69702,-1.41064,-1,11,63.7698,-8.8205,-44.3566,44.9584,45.2251,0.877197,-1.76709,-1,-11,57.5478,34.5992,-15.4149,43.3245,37.8777,0.979492,-0.419128,1,-11,85.5488,-0.611539,17.1472,-83.8104,17.1581,-2.28955,1.60645,1,60.3078,51.8353,306.418
278820,1598413594,870,-11,99.5133,-13.6097,-97.5104,-14.4708,98.4556,-0.146454,-1.70947,1,11,29.1292,13.2722,25.8795,-1.61535,29.0844,-0.0555115,1.09692,-1,-13,62.2854,6.68993,60.7867,-11.8186,61.1537,-0.192078,1.46118,1,13,69.4666,-0.834202,18.1604,67.0455,18.1796,2.01611,1.6167,-1,89.6751,105.636,257.273
278874,515797216,264,11,50.3847,45.2006,-12.5195,18.4058,46.9024,0.382996,-0.270203,-1,-11,96.4187,2.62018,47.0265,84.132,47.0994,1.34375,1.51514,1,11,65.8315,-25.4743,-14.4377,-58.9609,29.2812,-1.44971,-2.62598,-1,-11,32.6212,-7.50532,-16.0053,27.4159,17.6777,1.22266,-2.00928,1,86.9463,81.7522,234.252
278923,531524644,333,-11,65.9839,54.4578,-34.5556,13.9332,64.4961,0.214386,-0.56543,1,11,35.6533,-26.9275,14.1517,18.5956,30.4197,0.578491,2.65771,-1,13,35.7857,-26.4036,1.27711,24.121,26.4345,0.818115,3.09326,-1,-13,12.6479,0.901094,11.9226,4.12276,11.9566,0.338318,1.49536,1,89.9875,26.8978,137.011
279654,197370803,101,-11,194.974,-151.743,-36.4641,-116.874,156.062,-0.692261,-2.90576,1,11,18.3415,7.3868,14.2235,-8.91841,16.0272,-0.531128,1.0918,-1,-13,83.305,79.2894,25.5158,-1.35935,83.2938,-0.0163193,0.31134,1,13,99.9879,44.5458,35.6056,-82.1309,57.0271,-1.16113,0.674316,-1,91.36,86.9177,334.016
279653,120481634,127,11,88.6217,5.35868,-65.5739,59.3729,65.7925,0.810669,-1.48926,-1,11,200.109,-22.4727,41.9597,194.365,47.5987,2.11475,2.0625,-1,-11,20.8994,13.0692,-1.26406,16.2596,13.1302,1.04028,-0.0964203,1,-11,42.1079,-5.11205,10.0219,40.577,11.2504,1.99463,2.04248,1,63.3575,52.3186,164.19
279823,238697226,187,-11,83.205,78.0786,-28.4663,4.05888,83.1059,0.0488205,-0.349609,1,11,75.5679,-8.38693,-74.5263,-9.27332,74.9967,-0.123337,-1.68286,-1,13,160.942,-42.6397,70.9695,138.012,82.7938,1.28394,2.11182,-1,-13,25.3343,-23.2795,0.898225,-9.95371,23.2968,-0.415222,3.10303,1,93.752,98.576,320.913
279887,291694769,242,-11,98.6708,12.283,-52.6968,-82.5113,54.1093,-1.2085,-1.3418,1,11,30.0312,23.0763,18.6443,4.6635,29.6669,0.156555,0.679565,-1,13,86.0701,-34.2949,64.184,45.9601,72.7717,0.595703,2.06152,-1,-13,29.2783,11.0721,-25.7041,8.59738,27.9873,0.302551,-1.16406,1,91.1523,89.9671,242.593
279975,457702387,314,-11,90.9707,52.437,-4.92316,74.1741,52.6676,1.14282,-0.0936127,1,11,83.1477,-43.3719,14.1295,69.5182,45.6154,1.20801,2.82666,-1,-13,35.2778,10.6231,27.4592,19.4334,29.4424,0.619629,1.20166,1,13,24.7678,5.18926,-9.17165,22.414,10.5379,1.49902,-1.05591,-1,97.4824,35.6344,137.96
279694,2338308963,1257,11,109.704,37.4969,-39.163,95.3686,54.2195,1.33032,-0.807129,-1,-11,47.8548,12.8792,27.3442,37.1011,30.2254,1.03345,1.13062,1,11,86.8718,-12.6788,30.2841,80.4289,32.831,1.62842,1.96729,-1,-11,17.153,-10.5508,0.334884,13.5196,10.5561,1.06665,3.10986,1,67.8165,22.7524,126.768
279694,1444885184,785,-11,97.3876,51.0361,5.54297,82.7584,51.3362,1.25537,0.108185,1,11,23.6704,-17.5107,15.4554,-3.84614,23.3558,-0.16394,2.41846,-1,-13,48.2317,-45.6508,-4.87734,14.7818,45.9106,0.31665,-3.03516,1,13,45.0169,38.4579,-6.39204,-22.5087,38.9855,-0.549316,-0.164703,-1,91.9611,82.8433,200.18
279716,1891723718,1059,11,284.468,253.259,57.3322,116.168,259.667,0.433655,0.222626,-1,-11,171.794,-71.0369,2.91462,-156.392,71.0967,-1.52954,3.10059,1,11,119.286,12.5031,-43.5569,-110.343,45.3159,-1.6228,-1.29126,-1,-11,15.0854,5.7416,-12.0072,-7.10073,13.3093,-0.510986,-1.12476,1,92.2062,93.2791,532.71
279716,2172247042,1247,-11,45.9032,-42.4832,-16.9862,3.70837,45.7532,0.0809631,-2.76123,1,11,81.2325,25.9193,-2.59956,76.9425,26.0493,1.80371,-0.0999603,-1,13,50.4969,-40.1933,27.792,-12.7291,48.8661,-0.257629,2.53662,-1,-13,40.847,40.7165,-2.94879,1.39061,40.8232,0.0340576,-0.0722961,1,94.8734,87.1647,206.505
279766,2161334710,1225,11,79.2068,32.4614,27.3663,-66.8659,42.4577,-1.2356,0.700439,-1,-11,80.9848,4.3616,35.8435,-72.4896,36.1079,-1.44702,1.44971,1,11,89.0318,-34.305,-1.30687,-82.1468,34.3299,-1.60669,-3.10352,-1,-11,58.0093,-23.3257,0.193418,-53.1125,23.3265,-1.56104,3.1333,1,59.9202,53.887,121.201
278875,659484934,363,11,145.713,-77.5667,-17.1237,-122.158,79.4343,-1.21558,-2.92432,-1,11,87.4751,28.2276,15.2067,81.387,32.0631,1.66138,0.494141,-1,-11,35.8327,26.8028,12.3377,-20.3313,29.5061,-0.643677,0.431396,1,-11,75.0854,24.1404,13.6937,-69.7677,27.7539,-1.65234,0.515991,1,87.6926,95.1342,317.33
279654,68513802,36,11,48.0574,28.0788,-38.6791,-5.0027,47.7963,-0.104477,-0.942871,-1,-11,64.8991,-1.69931,38.8561,-51.954,38.8932,-1.1001,1.6145,1,13,126.709,-8.20711,-32.3386,122.237,33.3638,2.00977,-1.81934,-1,-13,28.1037,-22.1478,17.2985,0.204948,28.1028,0.00729275,2.47852,1,88.4713,93.9107,259.182
279681,55188023,95,-11,67.2449,-67.1292,1.40906,-3.68249,67.144,-0.0548172,3.12061,1,11,29.8839,25.5258,3.66905,15.1003,25.7881,0.556396,0.142761,-1,-13,79.0374,28.5919,35.2126,64.7262,45.3588,1.15356,0.888794,1,13,41.6145,18.8381,-36.6883,5.55452,41.242,0.134277,-1.09644,-1,86.8735,85.8238,201.759
279887,83549884,116,11,162.146,-48.934,-41.273,148.975,64.0157,1.58105,-2.44092,-1,-11,38.8767,32.076,7.84608,20.5176,33.0216,0.587036,0.239899,1,-13,69.8622,44.5242,25.2851,-47.5287,51.203,-0.829712,0.516479,1,13,34.6319,-33.8348,6.83082,2.81143,34.5174,0.0813599,2.94238,-1,88.1685,101.396,278.805
279931,1826222506,1064,11,42.9324,-3.5168,40.5881,-13.5435,40.7402,-0.326599,1.65723,-1,-11,76.0299,8.1919,-20.9315,-72.6314,22.4774,-1.88916,-1.19775,1,13,24.6215,-15.1826,-10.8079,-16.0898,18.6366,-0.781372,-2.52295,-1,-13,15.2394,6.36663,-13.3645,3.61713,14.8035,0.241974,-1.12622,1,79.4838,27.7721,124.322
279975,1448066285,855,11,121.096,-93.6745,44.6524,62.4141,103.773,0.570068,2.69678,-1,-11,56.78,-13.8298,-33.538,43.6795,36.2776,1.01855,-1.96191,1,-11,36.9967,34.6134,-12.2617,4.50667,36.721,0.122421,-0.340454,1,11,66.8846,0.961814,11.4931,-65.8826,11.5333,-2.44336,1.4873,-1,93.2919,75.8823,268.527
280015,101903785,59,-11,67.8406,-61.6814,24.0009,-14.8899,66.1864,-0.223114,2.77051,1,11,30.4382,16.4699,-9.14954,23.9063,18.8407,1.05933,-0.50708,-1,-13,33.6564,11.114,-27.5619,15.7976,29.7183,0.509277,-1.1875,1,13,85.63,26.7589,3.68807,-81.2578,27.0119,-1.82104,0.136963,-1,89.106,85.5148,209.794
280017,515805424,286,-11,141.037,-73.5194,-76.2612,93.1165,105.929,0.793213,-2.33789,1,11,45.54,-11.5846,-35.7363,25.7411,37.5671,0.640503,-1.88428,-1,13,112.928,96.6118,53.1474,24.3754,110.266,0.219299,0.50293,-1,-13,71.1651,-3.94811,63.083,32.7018,63.2064,0.496704,1.6333,1,92.392,29.9644,326.141
280017,590215992,330,-11,60.6559,-16.9827,-39.9333,-42.38,43.3944,-0.864746,-1.9729,1,11,31.0763,19.7203,11.1133,21.2917,22.6362,0.838745,0.513184,-1,-13,63.7191,-61.2568,-4.40387,-16.9799,61.4149,-0.273071,-3.06982,1,13,43.782,27.239,24.8225,-23.6375,36.8527,-0.604004,0.739014,-1,91.2829,84.4511,186.647
280024,330897034,232,11,89.8904,-28.4837,-28.6927,-80.285,40.4301,-1.43726,-2.35254,-1,-11,178.77,37.5173,-0.481974,-174.789,37.5204,-2.24316,-0.012846,1,11,54.6374,-16.5635,18.784,-48.5597,25.0437,-1.41602,2.29346,-1,-11,8.9485,-7.67646,-0.438957,-4.57643,7.689,-0.564697,-3.08447,1,78.634,17.193,122.663
280330,757616776,401,-11,54.7334,3.62476,33.7694,42.9211,33.9634,1.05615,1.46387,1,11,77.4436,12.7335,-24.504,72.3527,27.615,1.69092,-1.09155,-1,-11,27.8488,-13.7264,-2.77816,24.071,14.0047,1.3103,-2.94189,1,11,15.8938,8.88288,6.45017,11.4931,10.9777,0.914185,0.628052,-1,61.881,24.7319,88.8575
280385,1360443489,728,-11,104.881,21.7518,-79.2673,65.1422,82.1976,0.726807,-1.30298,1,11,37.1253,25.3111,17.5614,-20.718,30.8067,-0.630005,0.606567,-1,-13,104.478,-96.682,39.4253,-3.7201,104.412,-0.0356216,2.75439,1,13,24.017,5.8463,-20.826,10.4358,21.631,0.465454,-1.29712,-1,88.7061,110.316,258.421
279694,3008741100,1649,-11,79.747,17.3925,51.1722,-58.6385,54.0471,-0.940186,1.24316,1,11,49.953,-35.2057,34.2722,-9.01482,49.1328,-0.182465,2.36963,-1,11,37.7552,20.2514,-30.7494,-8.3546,36.8191,-0.225006,-0.988403,-1,-11,27.9056,17.9213,-20.7902,-5.03021,27.4482,-0.182251,-0.859375,1,86.5132,73.377,173.305
279694,2553089346,1374,-11,83.7188,7.38173,-52.7037,-64.6271,53.2182,-1.02515,-1.43164,1,11,86.2736,-21.9578,33.2601,-76.5164,39.8545,-1.40723,2.1543,-1,-13,43.0442,-16.7288,-5.1085,-39.3299,17.4914,-1.54956,-2.84521,1,13,23.0152,14.0067,-8.97198,-15.9061,16.6338,-0.850098,-0.569702,-1,91.5719,33.274,125.429
279760,343692523,250,-11,133.246,-126.799,-1.85642,-40.903,126.813,-0.3172,-3.12695,1,11,149.005,103.021,27.3934,104.109,106.601,0.864746,0.259888,-1,-11,38.6045,18.5024,1.01768,33.8663,18.5304,1.36377,0.0549469,1,11,24.6519,12.2841,0.142016,21.3726,12.2849,1.3208,0.0115604,-1,106.929,24.1857,323.395
279794,821950613,512,-11,308.13,-71.8416,-55.2135,-294.507,90.6076,-1.89478,-2.48633,1,11,26.0861,17.6043,4.46822,-18.7242,18.1625,-0.903076,0.248566,-1,-11,44.5535,17.023,9.94962,39.9528,19.7174,1.45532,0.528931,1,11,12.6726,9.37895,6.92116,-4.97169,11.6562,-0.414551,0.635742,-1,89.8323,32.7027,271.812
280006,34261268,21,-11,189.664,52.5108,-22.3275,-180.877,57.0605,-1.87085,-0.402039,1,11,81.6653,-21.7191,19.0383,-76.3874,28.8821,-1.69971,2.42188,-1,-11,69.9319,-19.392,17.5074,-64.8683,26.1258,-1.64087,2.40723,1,11,35.7347,10.1825,-4.65704,-33.9351,11.1969,-1.82812,-0.428955,-1,80.4713,33.9614,121.591
280013,36365305,24,-11,61.1419,38.8433,-35.6498,-30.9616,52.7229,-0.557861,-0.742554,1,11,46.7072,-44.9627,-12.6099,0.952207,46.6975,0.0203896,-2.86816,-1,-13,63.1929,54.7606,21.6479,-22.9342,58.8843,-0.380249,0.376465,1,13,53.7301,-38.3712,27.315,-25.8545,47.1005,-0.524536,2.52295,-1,91.4572,92.8691,210.256
280018,2012803045,1178,-11,563.462,101.475,19.7247,-553.898,103.374,-2.38037,0.191986,1,11,70.8153,36.3193,12.9909,-59.3882,38.5727,-1.21655,0.343506,-1,13,278.186,-117.899,-19.1033,-251.242,119.436,-1.48901,-2.98096,-1,-13,56.4845,18.6355,-3.4421,-53.2105,18.9508,-1.75586,-0.182648,1,94.6135,78.2945,308.265
278969,1303997481,783,-11,86.4885,28.8692,29.735,75.9121,41.444,1.36572,0.800171,1,11,165.107,-23.3338,-39.4891,158.608,45.8678,1.9541,-2.10449,-1,-11,21.1228,-8.65607,-3.85959,18.8769,9.47755,1.43994,-2.72217,1,11,9.962,-7.19818,-6.53697,2.16438,9.72346,0.220795,-2.4043,-1,90.4152,12.8095,118.676
278873,30801674,81,11,104.424,-50.2576,23.1188,-88.5671,55.32,-1.24951,2.71045,-1,-11,37.5736,32.74,6.12377,-17.3886,33.3078,-0.500854,0.184906,1,13,52.0886,27.5481,1.1377,44.1929,27.5716,1.25049,0.041275,-1,-13,46.4473,5.04759,-24.6905,-39.0158,25.2012,-1.22119,-1.36914,1,89.807,88.1747,217.808
279841,543045378,349,-11,500.023,25.0116,-83.9545,492.29,87.6011,2.42725,-1.28125,1,11,159.932,-33.8697,-12.7053,155.787,36.1743,2.1665,-2.78271,-1,-11,75.4115,-8.1311,-21.9187,71.6962,23.3783,1.83936,-1.92603,1,11,76.5387,8.86122,9.29349,75.4538,12.841,2.47119,0.809204,-1,78.2016,35.7188,121.636
279975,775930764,492,11,508.397,-79.4883,-57.2305,498.872,97.9475,2.33057,-2.51758,-1,-11,118.04,4.17134,24.2769,115.441,24.6327,2.24902,1.40063,1,13,89.9624,63.977,28.1066,56.6585,69.8788,0.741089,0.41394,-1,-13,14.3058,1.55939,-7.87239,11.8422,8.02535,1.18115,-1.37524,1,91.0131,38.4066,259.686
279588,861837327,530,11,161.493,-48.7638,-91.3701,-123.91,103.568,-1.01367,-2.06104,-1,11,99.5275,-80.8132,-55.7625,16.2932,98.1847,0.165192,-2.5376,-1,-11,35.5092,-18.6497,21.2543,-21.4787,28.2765,-0.700806,2.29102,1,-11,23.2611,2.57017,23.0429,-1.86753,23.1858,-0.0804596,1.45972,1,90.6165,87.6149,230.92
280015,498552415,274,11,63.1055,-48.3791,-14.8511,-37.6989,50.6072,-0.689087,-2.84375,-1,-11,51.7617,40.0795,27.4831,-17.8209,48.5973,-0.358948,0.601074,1,13,11.1375,4.24142,-8.09434,-6.36598,9.13827,-0.649902,-1.08813,-1,-13,22.313,-6.80566,-1.97335,21.1577,7.08598,1.81396,-2.85938,1,99.4162,28.1463,142.179
280018,1284092331,740,11,153.598,-7.00841,-24.6181,151.451,25.5962,2.47803,-1.84814,-1,-11,30.7174,7.25154,22.5768,19.5256,23.7128,0.750854,1.26001,1,11,28.1954,0.573342,-15.4448,23.5818,15.4555,1.20898,-1.53369,-1,-11,41.6164,1.46329,-8.26224,40.7616,8.39081,2.28418,-1.39551,1,68.8128,12.9403,92.3977
280191,256459368,140,-11,41.5031,-33.5376,-4.33036,-24.062,33.816,-0.662109,-3.01318,1,11,148.284,23.7878,8.43658,-146.12,25.2395,-2.45654,0.34082,-1,13,63.0972,12.1777,44.0825,-43.4705,45.7336,-0.845947,1.30127,-1,-13,70.924,-11.5533,-43.3422,-54.938,44.8556,-1.03174,-1.8313,1,90.9753,83.338,180.566
279760,755582691,474,11,31.7229,25.5552,11.0359,-15.2141,27.8363,-0.522461,0.407654,-1,11,32.2917,-23.7156,1.93792,-21.8302,23.7946,-0.821777,3.06006,-1,-11,32.6844,-9.76688,-9.30568,29.7703,13.4903,1.53247,-2.38037,1,-11,17.2701,7.72991,0.289051,-15.4405,7.73531,-1.44189,0.0373764,1,60.6972,28.4035,111.612
279766,789491726,426,11,54.9977,52.7817,15.0468,-3.52566,54.8846,-0.0641937,0.27771,-1,-11,49.4061,-22.7953,-14.9689,41.1979,27.2708,1.20068,-2.56055,1,13,130.979,-45.9589,-17.9607,-121.329,49.3438,-1.63184,-2.76904,-1,-13,82.2612,28.3535,12.3698,-76.2231,30.9343,-1.63379,0.411377,1,92.6378,78.1243,274.139
279766,1383977772,748,11,295.26,102.473,-136.651,240.84,170.805,1.1438,-0.927368,-1,11,189.368,-108.199,84.5085,130.428,137.291,0.845581,2.47852,-1,-11,135.242,-2.8083,85.1635,105.022,85.2098,1.03662,1.60376,1,-11,19.2101,2.92374,-9.40946,16.4903,9.85323,1.28735,-1.26953,1,93.9335,15.1677,406.203
279931,779461883,501,-11,72.0736,59.1541,-40.9248,-4.5327,71.9309,-0.062973,-0.605225,1,11,60.7562,35.7126,47.3224,-13.2856,59.2857,-0.22226,0.924316,-1,11,210.248,-49.6593,3.37517,-204.271,49.7739,-2.11963,3.07373,-1,-11,15.773,10.0423,-1.99054,-11.9986,10.2377,-0.997925,-0.195679,1,91.0256,52.3584,266.202
278874,339669217,173,-11,180.72,34.9262,14.0838,-176.752,37.6589,-2.25049,0.383301,1,-11,17.8117,-14.0347,-8.09976,7.39374,16.2043,0.441772,-2.61816,1,11,59.0743,-19.9739,10.6596,-54.5635,22.6404,-1.61328,2.65137,-1,11,47.4152,-4.25032,-7.49916,46.625,8.6199,2.38965,-2.08643,-1,56.1989,27.5475,248.01
278874,346630162,176,11,191.032,-4.66766,-43.1837,-186.028,43.4352,-2.16113,-1.67847,-1,-11,29.3706,12.5891,22.2631,-14.4395,25.576,-0.538208,1.05615,1,13,126.258,-49.251,6.92244,-116.05,49.7351,-1.5835,3.00195,-1,-13,134.762,40.2103,13.1759,-127.947,42.314,-1.82593,0.31665,1,90.065,88.8226,184.98
278874,771589870,405,-11,92.1336,-38.2885,64.2235,-53.8323,74.7708,-0.668945,2.1084,1,11,371.24,-63.5535,30.6762,-364.471,70.5696,-2.34424,2.69189,-1,-11,29.6644,-14.2824,23.4076,-11.3164,27.4208,-0.401794,2.11865,1,11,29.7523,-1.04462,-23.6218,-18.0585,23.6448,-0.704102,-1.61499,-1,80.5747,102.59,224.054
279767,247114169,141,11,186.321,129.256,-56.4466,121.746,141.043,0.78125,-0.411743,-1,-11,37.7525,-10.7917,-9.02127,35.0344,14.0657,1.6438,-2.44531,1,13,274.117,-57.8162,63.9756,260.201,86.2299,1.82397,2.30566,-1,-13,106.078,-44.779,-22.6478,93.4584,50.1805,1.38037,-2.67334,1,85.4918,85.0861,322.113
279794,1260818907,753,-11,47.4066,44.3504,13.0276,-10.522,46.2242,-0.225708,0.285706,1,11,67.2589,-17.7871,-30.3045,-57.35,35.139,-1.26587,-2.10156,-1,13,143.782,-31.3677,84.6203,111.931,90.2471,1.0415,1.92578,-1,-13,56.4423,20.3395,-11.348,51.4125,23.2911,1.53271,-0.508911,1,88.983,86.8188,294.387
279841,1985392026,1150,-11,111.648,32.6704,-84.8171,-64.8382,90.8917,-0.663574,-1.20312,1,11,76.0537,-9.44407,-71.7547,23.3716,72.3735,0.317566,-1.70166,-1,11,56.1415,-31.9931,45.788,-5.63485,55.8579,-0.100708,2.18066,-1,-11,53.1558,50.4377,6.66167,-15.4012,50.8757,-0.298279,0.131317,1,91.7181,91.9691,267.813
279841,2515477009,1437,-11,104.01,-97.4171,-0.712649,-36.4345,97.4197,-0.365784,-3.13428,1,-11,92.1533,87.3648,-29.1835,2.81774,92.1102,0.0305862,-0.322388,1,11,43.879,7.17769,28.1393,-32.8941,29.0403,-0.972168,1.32104,-1,11,36.4031,-2.4855,20.3827,30.059,20.5337,1.17456,1.69214,-1,90.3844,90.3545,273.345
279841,3282231397,1891,-11,62.6683,26.2399,-54.4979,-16.3938,60.4859,-0.267822,-1.12207,1,11,47.5064,-19.3843,15.6651,-40.4438,24.9228,-1.26099,2.46191,-1,-11,19.7893,-18.3127,4.39113,-6.08016,18.8318,-0.317505,2.90625,1,11,17.9862,5.28284,6.70449,-15.8314,8.53573,-1.37671,0.903442,-1,85.7494,25.5731,121.985
279116,682944364,382,-11,91.483,-33.6537,-30.3531,79.4686,45.3198,1.32764,-2.40771,1,11,117.231,34.183,-4.81764,112.033,34.5208,1.89331,-0.140015,-1,-13,69.5075,-49.3177,41.268,26.3817,64.3062,0.399536,2.44482,1,13,70.2223,-19.2931,28.6726,-61.1295,34.5592,-1.33521,2.16309,-1,93.3696,75.1755,301.657
279794,933087261,576,11,48.2603,30.3607,-23.9472,28.8759,38.6683,0.690552,-0.667847,-1,-11,60.9845,-18.7542,22.6805,53.4133,29.43,1.35767,2.26172,1,13,24.3066,-7.20557,-10.7425,20.5786,12.9353,1.24414,-2.16162,-1,-13,10.2002,0.643379,5.8723,8.31472,5.90744,1.14233,1.46167,1,70.8985,17.0034,90.7737
280330,930658728,494,11,84.8761,60.9261,27.0863,52.5195,66.6758,0.723022,0.418335,-1,-11,36.7237,-24.938,-16.0295,21.6745,29.6454,0.677979,-2.57031,1,13,97.2593,-90.6994,-29.5966,-18.8952,95.4062,-0.196777,-2.82617,-1,-13,27.3349,18.47,-7.88806,18.5425,20.0839,0.82605,-0.403625,1,88.6813,94.3474,230.537
279588,1864918914,1058,11,38.1497,36.6968,-2.7196,-10.0665,36.7975,-0.270264,-0.0739746,-1,-11,30.6335,29.002,-3.51576,-9.21521,29.2143,-0.310425,-0.120636,1,11,122.459,-24.3216,-2.0592,120.001,24.4087,2.2959,-3.05713,-1,-11,117.519,-22.3165,4.18874,115.304,22.7062,2.32764,2.95605,1,105.407,113.792,219.742
279588,1958975175,1108,-11,83.706,-44.0627,60.3855,37.6663,74.7525,0.48468,2.20117,1,-11,110.054,9.64811,-56.9002,93.7073,57.7124,1.26147,-1.40283,1,11,40.2967,26.9006,-7.16345,29.1351,27.838,0.91394,-0.260254,-1,11,24.6078,7.29935,-2.89588,-23.3209,7.85281,-1.80884,-0.377686,-1,88.2446,96.5227,219.188
279588,1972368386,1115,-11,157.814,55.3185,11.6456,-147.342,56.531,-1.68604,0.207489,1,11,179.555,-23.4573,-23.2404,-176.492,33.0206,-2.37793,-2.36084,-1,-13,123.195,10.383,86.5607,87.0426,87.1812,0.880249,1.45142,1,13,50.1894,-14.0072,39.6787,-27.3562,42.0785,-0.611328,1.91016,-1,88.3163,102.714,420.897
279588,1990111112,1124,11,79.3854,50.3432,9.52132,-60.6378,51.2357,-1.00537,0.18692,-1,11,80.5808,-50.1429,-1.78763,-63.0535,50.1748,-1.05176,-3.10596,-1,-11,48.738,-38.1063,17.439,-24.8833,41.9072,-0.563477,2.7124,1,-11,23.9394,14.396,-15.977,-10.5155,21.506,-0.471313,-0.837402,1,90.6928,62.5991,167.858
279658,522750983,303,11,128.178,-10.0052,24.2464,-125.466,26.2296,-2.26904,1.96216,-1,11,43.5379,2.74565,-16.9446,40.011,17.1656,1.58252,-1.41016,-1,-11,30.8893,-7.86464,-1.52791,-29.832,8.01168,-2.02539,-2.94971,1,-11,18.1543,-8.53466,-6.11957,14.808,10.5019,1.1438,-2.51953,1,92.1724,71.1923,195.138
280385,1968414468,1050,11,82.6785,47.54,37.866,-56.0522,60.7774,-0.825317,0.672607,-1,-11,31.1118,-22.5854,-20.7535,-5.20952,30.6726,-0.169037,-2.39844,1,-13,73.0902,-27.6246,-46.6986,-48.9723,54.2575,-0.810791,-2.10498,1,13,24.7821,8.64536,22.9612,-3.49033,24.5349,-0.141785,1.21069,-1,90.9927,76.8309,178.293
280385,2253635455,1199,11,350.013,46.1116,-37.949,-344.88,59.7194,-2.4541,-0.688599,-1,-11,139.153,-22.0893,24.4186,-135.201,32.9273,-2.12012,2.30615,1,-13,140.049,-32.1836,43.9705,-129.014,54.4903,-1.59692,2.20264,1,13,214.723,-6.19047,-46.7695,-209.477,47.1775,-2.19629,-1.70239,-1,89.692,99.0325,204.204
280385,2966572683,1605,11,99.5928,-83.7529,-36.4163,39.7244,91.3274,0.422302,-2.73145,-1,-11,23.8275,7.74376,15.8449,-16.0226,17.6359,-0.815186,1.11621,1,-13,146.843,16.7535,99.542,106.647,100.942,0.920776,1.40405,1,13,78.4398,56.2678,5.52458,54.3709,56.5384,0.854004,0.0978699,-1,91.9482,92.0338,283.415
279694,1280331379,697,-11,160.233,86.7874,17.591,133.541,88.5522,1.19922,0.199982,1,11,30.3348,-19.5483,-11.6668,20.0487,22.7652,0.794434,-2.60352,-1,-13,38.1217,-37.5255,2.77146,6.11609,37.6277,0.161835,3.06787,1,13,21.4062,-18.6261,-5.59851,8.94096,19.4493,0.444885,-2.84961,-1,90.3893,12.4845,184.32
280017,865880838,498,11,312.476,-5.73381,-75.8568,303.074,76.0732,2.09082,-1.64624,-1,-11,79.8892,40.9298,3.61482,68.5125,41.0891,1.28418,0.088089,1,13,84.8316,-60.3103,26.4688,-53.4646,65.863,-0.741821,2.72803,-1,-13,74.2516,30.9333,51.1746,-44.0179,59.7972,-0.682007,1.0271,1,94.4093,97.0355,478.434
278874,774765847,406,11,157.407,-46.3435,-89.4468,120.948,100.74,1.01636,-2.04883,-1,-11,207.685,54.344,81.6446,183.068,98.077,1.38232,0.983521,1,11,33.8557,13.3208,-21.3601,22.6385,25.1733,0.80835,-1.01318,-1,-11,14.88,11.1261,7.98607,-5.81697,13.6955,-0.412903,0.622559,1,92.4741,88.3966,258.486
278923,354354673,231,11,86.3678,-17.1654,-71.2751,45.6576,73.313,0.588257,-1.80713,-1,-11,43.701,7.80489,23.3559,36.1021,24.6255,1.17578,1.24829,1,13,129.133,18.2525,101.614,-77.568,103.24,-0.694214,1.39307,-1,-13,24.3616,3.28833,-11.9604,20.967,12.4042,1.2959,-1.30249,1,88.5968,108.882,279.079
279115,679737392,441,11,151.093,-9.90538,-73.187,131.812,73.8543,1.34302,-1.70532,-1,-11,47.9535,36.8035,16.7943,25.7484,40.4543,0.599854,0.428101,1,11,39.6687,-25.936,-21.6812,-20.7568,33.8046,-0.580811,-2.44531,-1,-11,29.8025,4.34396,22.447,19.1164,22.8635,0.76062,1.37964,1,86.6646,85.6623,211.348
279116,569683182,319,11,80.6107,60.3545,40.4931,-34.867,72.6798,-0.463013,0.590942,-1,11,51.655,-18.1463,27.9893,-39.4404,33.357,-1.00464,2.146,-1,-11,22.4843,-19.7704,-9.66215,4.61581,22.0052,0.208252,-2.68701,1,-11,60.9749,4.65831,-8.95897,-60.1329,10.0977,-2.48438,-1.09131,1,84.3553,47.1868,162.673
279479,42938076,93,11,58.5898,28.1809,-49.0782,15.1636,56.5936,0.264832,-1.04956,-1,-11,61.8197,35.4306,39.254,32.0229,52.8792,0.573608,0.836548,1,13,88.1435,33.8946,-38.6099,71.6219,51.3767,1.13452,-0.850342,-1,-13,123.069,-8.72975,31.0965,118.755,32.2986,2.01318,1.84448,1,90.1607,87.6219,212.967
279766,1342507507,724,-11,80.3951,48.5923,39.1619,-50.6804,62.4089,-0.742065,0.678345,1,11,27.1784,-17.8712,-19.659,5.72709,26.568,0.213928,-2.30859,-1,11,22.3659,-13.1851,-6.15125,-16.9863,14.5494,-0.994995,-2.70508,-1,-11,7.58816,0.785758,7.35421,1.69329,7.39607,0.22699,1.46436,1,90.7035,22.5427,120.498
278874,198020802,97,-11,50.8762,-50.3964,6.8076,-1.49435,50.8541,-0.0293808,3.00732,1,11,55.68,19.6367,-25.1033,45.6561,31.8712,1.15674,-0.906982,-1,-11,26.9658,9.03495,2.30054,-25.3026,9.32324,-1.72388,0.249329,1,11,12.0709,-2.43202,9.83428,-6.56252,10.1305,-0.609375,1.81323,-1,90.128,17.822,142.914
279116,504980946,284,-11,47.7926,-18.4468,44.0313,2.25428,47.7393,0.0472031,1.96753,1,11,113.451,38.1646,1.91082,106.822,38.2124,1.75171,0.0500259,-1,-11,39.5167,-29.2156,-22.8647,13.6093,37.0991,0.35907,-2.47754,1,11,25.6688,24.7878,6.44714,-1.69503,25.6125,-0.0661316,0.254456,-1,91.5221,52.9904,188.483
279841,3628175437,2117,11,52.1481,49.6693,13.1033,8.9823,51.3686,0.173981,0.257935,-1,11,112.019,-39.3355,-0.403007,104.885,39.3376,1.70728,-3.13135,-1,-11,29.6436,7.57888,-28.1568,-5.33739,29.159,-0.182037,-1.30786,1,-11,70.5965,-4.34353,16.0894,-68.6012,16.6654,-2.12256,1.83447,1,91.2936,92.7642,261.022
279931,824291011,526,-11,46.5475,10.4996,-35.5283,28.1807,37.0473,0.70166,-1.28345,1,11,38.225,-29.0004,19.1857,15.8753,34.7723,0.442017,2.55713,-1,11,23.6235,3.86764,-17.2984,15.6162,17.7255,0.794678,-1.35083,-1,-11,18.116,0.238664,13.2122,12.3919,13.2144,0.83667,1.55273,1,68.0887,30.4002,100.933
279994,24558697,14,11,102.396,-38.4105,93.8619,-14.1276,101.417,-0.138855,1.95923,-1,-11,84.9721,53.6483,-65.3507,-8.44896,84.5509,-0.099762,-0.883423,1,11,60.3494,-22.6988,-22.5989,-51.1478,32.0304,-1.24731,-2.3584,-1,-11,32.4034,-20.1149,-20.1244,-15.5039,28.4535,-0.520996,-2.35596,1,91.8179,94.1995,263.712
280017,793963630,453,11,138.554,55.3673,-28.0037,123.885,62.0463,1.44214,-0.468262,-1,-11,140.729,-15.5439,29.0227,136.823,32.9231,2.13184,2.0625,1,11,57.9143,-1.48996,-11.0902,56.8229,11.1899,2.32764,-1.70435,-1,-11,56.0041,8.83887,6.17906,54.9559,10.7845,2.33105,0.610107,1,91.8865,20.1195,116.706
279931,1756550622,1025,11,49.1216,-15.7459,-30.2462,-35.3576,34.0993,-0.907227,-2.05078,-1,11,35.0253,3.39331,27.605,-21.2887,27.8128,-0.705444,1.44849,-1,-11,31.5619,0.630195,-14.4939,-28.0299,14.5076,-1.41284,-1.52734,1,-11,10.8857,-0.217247,7.87146,-7.51534,7.87446,-0.848755,1.59839,1,42.5846,31.7386,85.4315
280017,706337406,399,-11,126.812,44.3986,37.1433,112.829,57.8866,1.42065,0.696655,1,11,72.4526,24.2895,-43.9,52.2703,50.1716,0.910645,-1.06543,-1,-13,59.0901,-42.5614,-12.0486,-39.179,44.2339,-0.798218,-2.86572,1,13,58.0761,-30.0564,9.48411,48.78,31.5173,1.22095,2.83594,-1,91.4103,87.6631,263.64
278820,253967471,148,-11,51.9485,40.1425,-27.1391,18.7265,48.4557,0.377441,-0.594482,1,-11,83.6096,-15.6936,15.203,80.704,21.85,2.01758,2.37207,1,11,24.1073,6.38494,-15.0548,17.7126,16.3528,0.938965,-1.16968,-1,11,81.1252,-13.8723,15.0963,78.4917,20.5022,2.05225,2.31396,-1,86.1514,42.7836,138.845
279760,906756539,557,-11,229.488,49.0961,50.1871,218.485,70.208,1.85327,0.796387,1,11,127.539,45.3899,-37.2623,113.214,58.7258,1.41089,-0.687378,-1,-11,67.4465,-10.2631,-46.2718,47.9855,47.3963,0.890137,-1.78906,1,11,112.632,23.0646,36.2119,104.128,42.9334,1.61914,1.00366,-1,91.3754,94.998,207.096
279841,2592107724,1479,-11,428.676,60.2514,-104.575,411.336,120.691,1.94019,-1.0481,1,11,61.7356,12.493,-42.9282,42.5721,44.7091,0.847168,-1.2876,-1,-13,185.993,3.59761,114.209,146.753,114.266,1.06885,1.53931,1,13,124.055,-45.8643,21.6978,113.204,50.7378,1.54248,2.69971,-1,91.0723,86.1536,360.649
280015,967050218,518,11,36.9227,24.7194,-8.61779,-26.0376,26.1785,-0.877563,-0.335449,-1,-11,26.4235,-18.186,17.8427,-7.00682,25.4773,-0.271667,2.36572,1,-11,24.4322,24.0092,-2.41651,-3.82601,24.1305,-0.157898,-0.100311,1,11,10.7502,-10.0611,3.78534,-0.0449739,10.7496,-0.00418377,2.78174,-1,52.849,32.0373,88.3935
280017,81502614,44,11,48.006,44.0618,-17.8553,6.6564,47.5422,0.139557,-0.38501,-1,-11,29.0322,-24.1922,15.6003,-3.77147,28.786,-0.130646,2.56885,1,11,47.6645,2.73842,-26.1126,-39.7809,26.2558,-1.20312,-1.46631,-1,-11,52.7378,-4.74616,-20.0292,-48.5548,20.5838,-1.59351,-1.80347,1,74.3416,12.0131,146.704
278975,482379342,292,-11,58.573,-28.4619,38.7267,33.4805,48.0608,0.649902,2.20459,1,-11,105.868,20.8715,-15.5363,102.621,26.0191,2.08105,-0.639893,1,11,70.6328,2.3276,-21.1969,67.3369,21.3243,1.86719,-1.46143,-1,11,28.9922,2.70108,11.6139,26.4265,11.9238,1.53638,1.34229,-1,74.4291,31.0326,129.234
279654,2226893993,1170,-11,78.524,-19.5648,-30.9664,-69.4574,36.6292,-1.39624,-2.13428,1,11,63.8832,18.2255,21.4272,-57.3565,28.1299,-1.46094,0.865967,-1,-13,33.642,-19.2381,11.9062,-24.8981,22.6243,-0.950684,2.5874,1,13,21.5541,-9.07799,16.1269,-11.0491,18.5064,-0.566284,2.0835,-1,64.0723,12.9138,106.463
279654,2245528186,1181,11,65.2647,-30.5419,57.4297,-5.33781,65.046,-0.0819702,2.05957,-1,-11,72.7385,52.5748,-28.7301,-41.2476,59.9126,-0.643188,-0.500122,1,-11,32.0963,4.77134,-30.8269,7.55636,31.194,0.239929,-1.41724,1,11,29.664,-27.4927,11.0704,1.24062,29.6378,0.0418472,2.75879,-1,90.0134,89.1333,195.952
279716,1642130823,901,-11,52.1203,-8.31184,-46.3358,22.3704,47.0754,0.458923,-1.74829,1,11,40.3594,-4.25853,39.1302,-8.92037,39.3613,-0.224731,1.6792,-1,-13,126.708,36.2151,47.697,111.661,59.8877,1.38135,0.921387,1,13,29.5136,-14.8789,-22.8274,11.3388,27.2483,0.404968,-2.14844,-1,90.5664,90.342,206.989
279760,530499069,355,11,44.8902,-32.1203,-30.9344,5.14469,44.5943,0.115112,-2.375,-1,-11,55.982,35.5349,25.9093,34.6403,43.9774,0.723022,0.630005,1,11,38.6948,-14.5366,-8.47482,-34.8445,16.8267,-1.47485,-2.61377,-1,-11,29.5059,-11.9172,-4.49034,-26.6158,12.7351,-1.48315,-2.78125,1,90.6574,43.3538,165.11
280251,228857020,124,11,87.0644,17.975,-27.8447,80.5095,33.1426,1.62061,-0.997559,-1,-11,151.724,-10.0098,27.5385,148.868,29.3012,2.32812,1.91943,1,13,72.6321,-6.47492,11.5952,71.4075,13.2805,2.38379,2.08008,-1,-13,20.3155,4.61744,-6.40657,18.7175,7.89715,1.5979,-0.946289,1,65.8972,22.0537,88.9153
280251,515083055,284,11,47.8873,-42.4524,10.7291,19.3875,43.7872,0.429443,2.89404,-1,-11,39.1823,18.3406,-15.0865,-31.1652,23.7483,-1.08594,-0.688354,1,-13,89.1883,52.2046,-11.8515,71.3355,53.5329,1.09814,-0.223236,1,13,31.8111,-18.132,25.5496,-5.51227,31.3297,-0.175049,2.18799,-1,94.6549,82.7166,200.463
278969,2139367920,1240,-11,81.8018,-66.4098,24.8378,-40.7966,70.9026,-0.547607,2.78369,1,11,163.557,-38.1923,16.0109,-158.227,41.4126,-2.05029,2.74463,-1,13,353.989,122.536,85.3288,-320.955,149.319,-1.50854,0.608276,-1,-13,194.221,112.969,75.0359,-139.03,135.619,-0.899048,0.586304,1,89.3318,88.1384,371.263
279794,341948151,250,-11,79.7844,-23.9385,30.009,-69.9425,38.3874,-1.36108,2.24414,1,11,104.238,21.2478,-28.6102,-97.9566,35.6372,-1.73584,-0.932007,-1,-11,30.4472,-10.1476,13.4736,-25.3477,16.8675,-1.19629,2.21631,1,11,24.1079,3.41839,-10.7236,-21.319,11.2553,-1.39526,-1.26221,-1,75.2653,27.3062,103.801
279794,1578283741,923,-11,37.9167,-30.1567,20.8522,-9.6662,36.6639,-0.260681,2.53662,1,11,93.836,-15.2631,-13.0531,91.6616,20.0835,2.22314,-2.43408,-1,13,72.2792,4.0446,-45.0223,-56.3996,45.2036,-1.04614,-1.4812,-1,-13,159.32,27.1834,27.5645,-154.545,38.7136,-2.09277,0.792358,1,92.2591,88.6605,339.267
278975,736798710,462,11,68.3841,-50.9981,-12.3604,-43.8497,52.4746,-0.760254,-2.90381,-1,11,137.494,29.0301,-37.6582,129.01,47.5488,1.72363,-0.914062,-1,-11,38.1384,36.7156,-9.50404,-4.02078,37.9257,-0.10582,-0.253296,1,-11,38.455,-1.81317,32.2537,20.8611,32.3047,0.607666,1.62695,1,91.5065,87.901,261.677
279694,112700353,63,-11,32.9191,30.3358,12.6002,-2.15231,32.8485,-0.0654755,0.393677,1,11,86.8452,-17.7546,-13.4805,83.9352,22.2924,2.03613,-2.49219,-1,11,55.6016,6.79651,-15.153,53.0633,16.6074,1.87842,-1.14917,-1,-11,43.2811,-8.05501,-6.1035,42.0845,10.1062,2.13379,-2.49316,1,86.5793,16.4696,126.031
280007,13165572,11,11,234.598,-42.3849,48.5429,-225.574,64.443,-1.96582,2.28857,-1,-11,99.169,38.7023,3.01493,-91.2553,38.8195,-1.59033,0.0777435,1,-13,94.9479,14.3768,36.6821,-86.3876,39.3989,-1.52661,1.19727,1,13,28.4491,9.70319,0.43247,-26.7395,9.71283,-1.7373,0.0445404,-1,91.3687,21.7194,125.929
280249,2215390486,1264,11,105.023,71.6072,-45.034,-62.2436,84.5911,-0.681763,-0.561401,-1,-11,25.7006,-24.9308,-5.5932,-2.77311,25.5506,-0.108322,-2.9209,1,-13,55.8676,-47.0941,22.5616,19.8569,52.2195,0.371643,2.69482,1,13,68.1926,1.60208,33.4578,-59.3989,33.4961,-1.3374,1.52295,-1,90.11,92.8421,232.276
280249,2395659661,1357,11,48.8333,-18.6921,41.2951,18.1662,45.3286,0.390747,1.99585,-1,-11,43.7542,5.54816,-43.3006,-2.95114,43.6546,-0.0675507,-1.44336,1,13,12.9133,-0.0116075,-9.47426,-8.77391,9.47427,-0.828125,-1.57202,-1,-13,20.7796,2.82158,8.51954,-18.7413,8.97462,-1.48242,1.25098,1,90.3558,19.2177,125.219
279071,92907807,121,-11,88.8505,75.3898,40.7684,23.4248,85.707,0.27002,0.495728,1,11,40.5895,-24.6516,31.7207,5.79682,40.1734,0.143799,2.23145,-1,-13,161.156,-20.7923,-81.6774,137.36,84.2823,1.26465,-1.82007,1,13,49.003,-25.3176,19.8341,36.9717,32.1617,0.983276,2.47705,-1,89.843,88.4566,271.586
279760,370874369,265,-11,62.7941,17.1543,-53.4974,-28.0512,56.1804,-0.480591,-1.2605,1,11,105.831,49.6518,9.71424,-92.9543,50.5931,-1.36841,0.193207,-1,-13,75.7774,-9.49591,53.8439,-52.4677,54.6748,-0.852539,1.74536,1,13,48.6625,-16.2219,-38.7472,-24.5669,42.0059,-0.555786,-1.96729,-1,93.0679,86.0933,210.133
279931,1087104206,663,11,68.4289,58.3294,-31.4921,-16.9831,66.2878,-0.253479,-0.495056,-1,11,93.5485,-61.1948,-0.806268,70.7521,61.2001,0.987549,-3.12842,-1,-11,50.8741,13.9015,44.6238,20.0906,46.739,0.417603,1.2688,1,-11,35.2271,-17.4891,-5.63148,30.0559,18.3735,1.26782,-2.83008,1,91.9177,86.7616,225.074
279024,80936001,107,11,30.2935,29.5013,3.92852,5.65098,29.7617,0.188751,0.132385,-1,-11,22.6082,-21.0387,2.66431,-7.83595,21.2068,-0.361572,3.01562,1,-13,18.8999,-3.03201,14.2448,-12.0453,14.5639,-0.753662,1.78052,1,13,25.2231,-8.12928,-8.30167,-22.3873,11.6191,-1.4104,-2.3457,-1,51.7564,24.5223,88.9298
279115,176069800,170,-11,185.169,-68.2619,100.386,139.823,121.396,0.984741,2.16797,1,11,101.569,51.9473,-76.1551,42.6384,92.1853,0.447449,-0.972168,-1,11,22.0078,11.6173,14.4149,11.8989,18.5135,0.605103,0.892456,-1,-11,27.5194,12.0928,12.5993,21.2679,17.4637,1.02734,0.805908,1,66.6273,59.2859,252.78
279760,738943193,465,11,189.492,11.366,57.899,180.072,59.0041,1.83472,1.37695,-1,-11,50.7732,48.4852,14.6029,3.72057,50.6365,0.07341,0.292542,1,-11,203.238,-46.8534,-12.7216,197.354,48.5498,2.11035,-2.87646,1,11,45.6116,-29.4393,-33.4847,-9.61805,44.5859,-0.214081,-2.29199,-1,92.1225,92.3903,316.604
278975,526988268,321,-11,94.6921,-31.9853,73.9046,-49.8161,80.5292,-0.584717,1.97925,1,11,47.0212,-20.4118,-41.6614,-7.6599,46.3931,-0.164368,-2.02637,-1,13,194.286,14.7061,-82.3327,-175.363,83.6358,-1.48608,-1.39404,-1,-13,54.0259,24.3503,29.7654,-37.9457,38.4566,-0.871948,0.885132,1,108.948,113.992,279.651
279654,1615198545,852,11,139.15,-92.021,-42.3302,-95.41,101.29,-0.839722,-2.71045,-1,-11,37.8867,-8.64649,32.7261,-17.0189,33.8491,-0.483704,1.8291,1,13,185.511,-37.5226,-73.6501,-166.078,82.6577,-1.44775,-2.04199,-1,-13,72.1644,34.1289,-44.4067,-45.5077,56.0066,-0.742432,-0.915527,1,92.0632,87.6298,238.46
279694,1051796811,576,-11,279.991,171.435,-186.657,-119.014,253.438,-0.453857,-0.827881,1,11,94.3814,88.8029,-30.8435,-8.39968,94.0068,-0.0892334,-0.33429,-1,-11,125.394,-53.2798,21.1222,111.529,57.3139,1.41919,2.76416,1,11,53.9219,-2.75343,25.2431,47.5686,25.3928,1.3855,1.67944,-1,94.2892,39.4036,484.335
279766,1847800623,1025,11,62.2876,-48.579,38.9844,0.172473,62.2873,0.00276899,2.46533,-1,-11,62.0932,1.07407,-34.6349,-51.525,34.6516,-1.1875,-1.53979,1,-11,63.9835,-13.3728,29.5051,-55.1769,32.3942,-1.30249,1.99634,1,11,33.1866,0.898399,-17.1813,-28.3784,17.2048,-1.2749,-1.51855,-1,102.751,46.401,164.345
279841,2088020035,1210,-11,110.623,34.5919,-66.0153,81.7492,74.5293,0.948242,-1.08813,1,11,69.9166,-35.5542,-60.1704,1.93822,69.8898,0.027729,-2.10449,-1,-13,141.672,35.519,76.7687,-113.649,84.5875,-1.10474,1.13745,1,13,85.6639,-39.4051,58.7477,-48.3139,70.7393,-0.638672,2.16162,-1,84.0839,98.3229,400.157
